variant,core_share,tilt_share,overlay,cost_bps,full_total_return,full_cagr,full_volatility,full_sharpe,full_sortino,full_max_drawdown,full_calmar,pre2018_total_return,pre2018_cagr,pre2018_volatility,pre2018_sharpe,pre2018_sortino,pre2018_max_drawdown,pre2018_calmar,holdout_total_return,holdout_cagr,holdout_volatility,holdout_sharpe,holdout_sortino,holdout_max_drawdown,holdout_calmar,2009_2013_cagr,2009_2013_sharpe,2009_2013_max_drawdown,2014_2017_cagr,2014_2017_sharpe,2014_2017_max_drawdown,2018_2021_cagr,2018_2021_sharpe,2018_2021_max_drawdown,2022_2026_cagr,2022_2026_sharpe,2022_2026_max_drawdown,cash_exposure_mean_weight,annualized_turnover,full_cagr_alpha_vs_ew,holdout_cagr_alpha_vs_ew,full_mdd_improvement_vs_ew,holdout_mdd_improvement_vs_ew,positive_era_count,worst_era_cagr,median_era_sharpe
core050_none_0bp,0.5,0.5,none,0.0,5.89645236464522,0.11806348468627026,0.1858511889707068,0.7105310068725134,0.9169735746092154,-0.3107850245361726,0.37988794621771976,1.465539268197309,0.10979316292430807,0.18359263895403283,0.6732530246316515,0.878967750532663,-0.255434694652788,0.4298287007313151,1.7971375080501786,0.12667207599276176,0.18810209674892409,0.7473695123568433,0.9542362765241834,-0.31078502453617196,0.40758745110647543,0.1264174974778649,0.7342308130131964,-0.255434694652788,0.09115684212108688,0.5968330343203071,-0.23906341976731238,0.024881970874253145,0.23737175196212662,-0.31078502453617196,0.22292965089028915,1.098596440877282,-0.2488139834367621,0.0787117004463893,2.9039115251835494,0.0032832794940322874,0.008152845866705727,0.0438833358396975,0.0438833358396965,4,0.024881970874253145,0.6655319236667517
core075_none_0bp,0.75,0.25,none,0.0,5.767263268422962,0.11684224109386365,0.1844547289884631,0.7083245139326887,0.9291801927900618,-0.329107422275534,0.3550276693426909,1.48851151988441,0.11098195120335563,0.18754555813216836,0.6688323219487389,0.8866139930894411,-0.25700635761105517,0.4318257035933407,1.719402025809111,0.1229960459778976,0.18128058487064352,0.7497796165072381,0.9730952922840479,-0.329107422275535,0.373726138193635,0.12388892298943732,0.7203876324199581,-0.2549002524366758,0.096589931641615,0.6060837757866177,-0.2570063576110553,0.020026886473674566,0.20588310193839568,-0.329107422275535,0.220484327945478,1.1583286876439853,-0.23270533569484553,0.03934136156422091,1.6310054949753878,0.0020620359016256806,0.004476815851841565,0.025560938100336106,0.02556093810033344,4,0.020026886473674566,0.6632357041032879
core075_none_10bp,0.75,0.25,none,10.0,5.583889248015509,0.11507051480169483,0.18444379075872522,0.6995086705384378,0.9176167143211106,-0.3308810904726378,0.34776999385889834,1.4529522091358755,0.10913763561335776,0.1875351443088188,0.659784890110113,0.8746687937501595,-0.2580948064671561,0.42285870493580074,1.684067477341877,0.12129431202893803,0.18126907940633238,0.7412034945126237,0.9618726562842632,-0.3308810904726368,0.366579763913613,0.12233719025897849,0.7130015549734033,-0.2568599165758517,0.09440154867963857,0.5949909964748553,-0.2580948064671561,0.01871429516560741,0.19794256409905941,-0.3308810904726368,0.21838900471614942,1.149176048295274,-0.232733764861366,0.03934136156422091,1.6310054949753878,0.000717830193553981,0.00314171926149176,0.024166441615815715,0.02416644161581527,4,0.01871429516560741,0.6539962757241293
core075_vol15_0bp,0.75,0.25,vol15,0.0,4.0548664652835065,0.09816929852084799,0.16069221468818604,0.6796727888075216,0.8557361973350878,-0.3310783785953194,0.2965137709606865,1.1157837796783077,0.09036570367548102,0.15354221271799715,0.6541615984766894,0.8364934110468392,-0.24786999877685423,0.3645689438875297,1.3891224206530484,0.10626110548522849,0.1675989882621111,0.7045265968643882,0.8762066686311887,-0.3310783785953201,0.3209545302718555,0.09623039365942732,0.6712059956957998,-0.24786999877685423,0.08397956763685599,0.6336983873135836,-0.22115727971707966,0.0015975220250690203,0.08633282268011705,-0.3310783785953201,0.20558347619691264,1.152285089622185,-0.2327053356948453,0.17620180903471247,1.9863799794926995,-0.01661090667138998,-0.012258124640827539,0.023589981780550717,0.023589981780548386,4,0.0015975220250690203,0.6524521915046917
core025_none_0bp,0.25,0.75,none,0.0,5.937131413391438,0.11844356970362413,0.19212430100867828,0.6954279976157538,0.8781198514355082,-0.2964692819752134,0.3995138009391702,1.426173006073276,0.10773303098806508,0.1846796031244843,0.6600503368671238,0.8410215797779103,-0.25964714488636587,0.41492091521058033,1.8592896697911403,0.12954677365806244,0.1993549563846678,0.7295043065043033,0.9164033749336291,-0.29646928197521416,0.4369652491312506,0.1278694404714249,0.7271821783232657,-0.25964714488636587,0.08511042602113772,0.5735443310891577,-0.24419251108822881,0.028954658466378014,0.26238410410511137,-0.29646928197521416,0.22456172318486223,1.0332328116399034,-0.2655121316333723,0.11812832469612271,4.165609983603311,0.003663364511386158,0.011027543532006412,0.058199078400656745,0.0581990784006543,4,0.028954658466378014,0.6503632547062117
core050_vol15_0bp,0.5,0.5,vol15,0.0,4.296382674494617,0.10113543165118188,0.1641320795409953,0.6858251909117178,0.8498737691823521,-0.30320906211620313,0.3335501615463667,1.1152998298951773,0.09033690988183674,0.15301901012721555,0.6556938913144461,0.8243531052641779,-0.24596714795153218,0.3672722582433554,1.5038448921716543,0.1122937056889477,0.17463113500454275,0.7153022019902242,0.8791019358682162,-0.30320906211620313,0.37035075701633147,0.1012006600220765,0.6989867951955313,-0.24596714795153218,0.07818209916608443,0.6016905513741848,-0.21765892560920042,0.009935806929691537,0.1429258564156543,-0.30320906211620313,0.20920045398805875,1.0991582180317252,-0.2488139834367621,0.2049862086055674,3.0528165691026703,-0.013644773541056088,-0.006225524437108332,0.051459298259667,0.05145929825966533,4,0.009935806929691537,0.6503386732848581
core050_none_10bp,0.5,0.5,none,10.0,5.567229194183004,0.11490725185821304,0.18582697091693284,0.6949639091976955,0.8967443847216737,-0.3130126085118141,0.36710103278116374,1.40403671951871,0.10656156164074271,0.1835693678766936,0.6570446638571565,0.8575882469468765,-0.25885874933961805,0.41165910718720133,1.7317507843631472,0.12358616234698117,0.18807691248689126,0.7324321477763703,0.935099860660354,-0.313012608511812,0.39482806438551965,0.1238990762576806,0.7222329973810843,-0.25885874933961805,0.08709968094902276,0.575201795413538,-0.24020654548149012,0.022514419321449042,0.22268839133881876,-0.313012608511812,0.21911822616437648,1.083182470116977,-0.24884079685876148,0.0787117004463893,2.9039115251835494,0.000554567250072191,0.0054335695795348915,0.042034923576639405,0.04203492357664007,4,0.022514419321449042,0.6487173963973112
core050_vol12_0bp,0.5,0.5,vol12,0.0,3.224981432450983,0.08684626855176614,0.14172171512380782,0.6751785362086467,0.8229333533849371,-0.26952364223198355,0.32222133773710315,0.9073921817322828,0.07739213767918196,0.13222248208370327,0.6438093978793714,0.7906774702115602,-0.2209105672048327,0.35033243840898937,1.2150564906970964,0.09659987151455862,0.15070185481083148,0.7056904308960813,0.8579568469466675,-0.26952364223198255,0.3584096397428981,0.07779034330958012,0.6276577303830326,-0.2209105672048327,0.0773121478999299,0.6656075824782179,-0.1798921451055101,0.004513058806364212,0.10014812341529714,-0.26952364223198255,0.1830535969473217,1.1095358000992241,-0.21306908437571848,0.3169644744419509,2.809869407077858,-0.027933936640471835,-0.021919358611497408,0.08514471814388658,0.08514471814388591,4,0.004513058806364212,0.6466326564306253
core075_none_20bp,0.75,0.25,none,20.0,5.405446786208073,0.11330122378074936,0.18443468065937366,0.6906849352662574,0.9059287531353111,-0.33265034166768204,0.34060155541321335,1.4178927999407587,0.10729594720477809,0.18752682006115678,0.6507292023756883,0.8625361553889884,-0.25918183238666603,0.41397942987263975,1.6491855992809294,0.11959484078007554,0.1812591293466527,0.7326199970189419,0.9506376612164515,-0.3326503416676797,0.3595211722330101,0.12078721654143632,0.7056089328659173,-0.25881478714071526,0.0922170378014624,0.5838874636877783,-0.25918183238666637,0.01740318554192366,0.18999819926922593,-0.3326503416676797,0.21629685215828998,1.1400126819688567,-0.23276219402788623,0.03934136156422091,1.6310054949753878,-0.0006240283453260442,0.0018087766441061692,0.022776148582895228,0.022776148582898337,4,0.01740318554192366,0.6447481982768478
core075_vol15_10bp,0.75,0.25,vol15,10.0,3.8885415019240854,0.09604793390620658,0.16068023605828521,0.6673440380796993,0.8402230031068345,-0.3332048702099024,0.28825489208996613,1.0792628248626932,0.08817624961694359,0.15353167453625044,0.6407876262773591,0.8194911165011897,-0.2508467757551923,0.3515143830391387,1.3510935911851,0.1042048005919396,0.1675856251797828,0.6931416923136643,0.8618892685530113,-0.33320487020990297,0.31273492649220763,0.09432463195158114,0.6600113234947009,-0.2508467757551923,0.08144992786756844,0.6175440796893182,-0.2226006945970408,3.427161480162866e-05,0.0756475904272993,-0.33320487020990297,0.20302627708869525,1.1403268784707583,-0.232733764861366,0.17620180903471247,1.9863799794926995,-0.01830475070193427,-0.01394779217550668,0.021842661878551106,0.021842661878549108,4,3.427161480162866e-05,0.6387777015920095
core025_vol15_0bp,0.25,0.75,vol15,0.0,4.497868973008928,0.10351400169923308,0.17116934014932791,0.6775969703399243,0.8244997159716762,-0.28288139347200103,0.36592721927990174,1.105824337647181,0.08977196470461246,0.15583698777349803,0.643214516656957,0.7921534984601465,-0.24744279847676487,0.3627988579875447,1.6107918285110454,0.11770124346193178,0.18535965607637916,0.71148255216041,0.8635129909756231,-0.28288139347200036,0.41607983479331195,0.10550320225592569,0.7082205124310019,-0.24744279847676487,0.0720520959148363,0.5601854211829376,-0.2199113933593262,0.017726739664284175,0.19613415274794785,-0.28288139347200036,0.21213075632571043,1.0401868424590173,-0.2655121316333723,0.23376404741221515,4.1157648358810475,-0.01126620349300489,-0.0008179866641242484,0.0717869669038691,0.0717869669038681,4,0.017726739664284175,0.6342029668069697
core050_none_20bp,0.5,0.5,none,20.0,5.2536027975937785,0.11175869910506164,0.18580871556114337,0.6793709513386486,0.8763531162098556,-0.3152336434368911,0.3545265596863091,1.3440437970062589,0.10333803664927377,0.18355267727042013,0.6408092188861328,0.8360312947674655,-0.26226832095142505,0.3940164647960403,1.667869433830833,0.12050757464865836,0.18805708286649855,0.7174703528453908,0.9158257258238292,-0.31523364343688975,0.38228018220010884,0.12138535971943032,0.7102188429045627,-0.26226832095142505,0.08305580295905579,0.5535279768890294,-0.24223897726608845,0.020151602528838408,0.20798830478314745,-0.31523364343688975,0.21531715630993098,1.0677375673727634,-0.248867610280761,0.0787117004463893,2.9039115251835494,-0.002166553021013762,0.002721510512688985,0.04019284681368618,0.04019284681368829,4,0.020151602528838408,0.6318734098967961
core025_vol12_0bp,0.25,0.75,vol12,0.0,3.3969505690691015,0.0893551235186838,0.1479961888807142,0.6687902898661666,0.8020807971805881,-0.25207520579907294,0.3544780345826952,0.9047453293850696,0.07721944100851674,0.13503619770513417,0.6319523388045802,0.7628829035423464,-0.21784533153734864,0.35446911101364503,1.3084191367927578,0.1018619867467132,0.16001314591985882,0.7046269346268389,0.8466058271016103,-0.2520752057990733,0.40409363715012264,0.08195859394619376,0.641486245891582,-0.21784533153734864,0.07207216607630929,0.6214733327377622,-0.18188949321612946,0.011929883874582048,0.15942885259425865,-0.2520752057990733,0.18611743510864898,1.0514906735393181,-0.22757871358521287,0.3405676892348989,3.7214499842324806,-0.025425081673554173,-0.016657243379342823,0.10259315457679719,0.10259315457679519,4,0.011929883874582048,0.6314797893146721
core050_vol15_10bp,0.5,0.5,vol15,10.0,4.030908059639288,0.09786781589100513,0.16410207212169614,0.6673081822795118,0.8267962591650311,-0.3055070966038663,0.320345474717089,1.0603934814562481,0.087031659493497,0.1529929180446081,0.6354559960849299,0.7986632106086915,-0.25021269831205006,0.3478307059578424,1.4417219841345728,0.10905810252602799,0.17459751012808553,0.69823098889869,0.8580622692379993,-0.3055070966038651,0.35697404000875915,0.09851252935985544,0.683331022305144,-0.25021269831205006,0.07415205309375117,0.5755168092964007,-0.2188116426724912,0.00750148299583886,0.12607274818121086,-0.3055070966038651,0.2051530967525903,1.0815886898185982,-0.2488407968587616,0.2049862086055674,3.0528165691026703,-0.016484868717135726,-0.009094490241418285,0.0495404354845872,0.049540435484586975,4,0.00750148299583886,0.6294239158007724
core025_none_10bp,0.25,0.75,none,10.0,5.467008963296717,0.11391681404663068,0.19208667444752084,0.6738268670738532,0.8506885660864402,-0.299745336176403,0.38004532614175374,1.340290396286608,0.10313394308050161,0.1846433469364281,0.6370663764927743,0.8114019280522288,-0.26449098269696547,0.38993368329182315,1.7633361114321904,0.12508488451611055,0.19931595077208636,0.7091656603476533,0.8908664711910522,-0.29974533617640176,0.4173038557053559,0.1243980439282304,0.7110854529263768,-0.26449098269696547,0.07921854518798188,0.5411862441002173,-0.24576193840337224,0.025537795462453827,0.24133261928308386,-0.29974533617640176,0.21904615400012073,1.0127514463684513,-0.26553721302983535,0.11812832469612271,4.165609983603311,-0.00043587056151017656,0.0069322917486642766,0.055302195912050545,0.05530219591205032,4,0.025537795462453827,0.6261358485132971
core050_vol12_10bp,0.5,0.5,vol12,10.0,3.0296695054979796,0.08387741663296056,0.14169213982378417,0.655450102470804,0.7987535189589042,-0.2718949221609668,0.30849203054738766,0.8627376748156228,0.0744497957236161,0.13219262874925095,0.6227380463636059,0.7646139870968834,-0.22351461278141016,0.33308692795144235,1.1633048818303466,0.09359797839456618,0.15067241220350067,0.6870719505773502,0.8352224928445622,-0.2718949221609669,0.34424320119944873,0.07550378422864767,0.61185288183395,-0.22351461278141016,0.07358639051470184,0.6378108387153776,-0.1808674103303819,0.0022397129785569625,0.08175017160058048,-0.2718949221609669,0.17932194637358778,1.0904004092735524,-0.21311334256903136,0.3169644744419509,2.809869407077858,-0.030475267975180298,-0.02455461437288009,0.08315260992748674,0.08315260992748519,4,0.0022397129785569625,0.6248318602746639
core050_vol15_20bp,0.5,0.5,vol15,20.0,3.77864182202475,0.09460859668048349,0.1640793037932692,0.6487557764130829,0.8034949952604536,-0.30813839232024554,0.3070328107059039,1.0068903127415845,0.0837350564929622,0.1529750790931677,0.6151780056099179,0.7727231454009248,-0.25443609146724666,0.3291005454850785,1.381117588582466,0.10583068274165375,0.1745702569489719,0.6811283375834146,0.836845809873545,-0.308138392320246,0.3434517910759549,0.09583000010639053,0.6676502159288938,-0.25443609146724666,0.07013522020803964,0.5492815866398189,-0.21996308865687308,0.005072274445225178,0.10920424712533507,-0.308138392320246,0.20111757230008598,1.0639754224792395,-0.2488676102807611,0.2049862086055674,3.0528165691026703,-0.019316655445591913,-0.011955381394315623,0.04728809793033173,0.04728809793033206,4,0.005072274445225178,0.6084659012843563
core025_vol15_10bp,0.25,0.75,vol15,10.0,4.129592663320748,0.09910104835823108,0.17112313163801732,0.6536682791035758,0.7952429249316995,-0.28613644431933105,0.34634192996273255,1.033041604820013,0.08535595795991835,0.15579738861117454,0.6166464865410504,0.759066278326078,-0.2529360868454388,0.33746057758882253,1.5231124887751006,0.11328282035826343,0.18530749089707066,0.689627279769231,0.8370183594751448,-0.28613644431933105,0.3959048999429052,0.10203279469378024,0.6886662177833367,-0.2529360868454388,0.06654028380363197,0.5242681024276177,-0.22136150598185356,0.014411750155903347,0.1735919889651805,-0.28613644431933105,0.20659822369393832,1.0180810285758486,-0.26553721302983535,0.23376404741221515,4.1157648358810475,-0.015251636249909772,-0.004869772409182849,0.06891108776912247,0.06891108776912103,4,0.014411750155903347,0.6064671601054772
core025_vol12_10bp,0.25,0.75,vol12,10.0,3.129767663336917,0.08541549669262039,0.14795158680314957,0.6437808556269512,0.772014078109053,-0.2552873211343947,0.3345857377995433,0.8459884057660634,0.07333005486069766,0.13499330157255285,0.6046687637296134,0.7296296007637129,-0.22234847147162307,0.32979788156563206,1.2371579639597567,0.09786302632943644,0.15996680704023605,0.6813886287891958,0.818817809225956,-0.25528732113439434,0.3833446404411016,0.07904642244639115,0.6220275973733417,-0.22234847147162307,0.06702849075253203,0.5839594069233628,-0.1831144393137797,0.008911628007706396,0.135522661814444,-0.25528732113439434,0.1811392296298182,1.0279666050468552,-0.22762191441633994,0.3405676892348989,3.7214499842324806,-0.028937187915520468,-0.02028956643800983,0.09976021095405885,0.09976021095405774,4,0.008911628007706396,0.6029935021483522
core025_none_20bp,0.25,0.75,none,20.0,5.028499106144873,0.10940575151773735,0.1920614135690687,0.6521752799157648,0.8232358077985674,-0.30300756880783986,0.3610660682443872,1.257397628924763,0.09855112600716631,0.18462101216346988,0.6140270837503559,0.781916953835799,-0.2693058263021665,0.3659450200553403,1.670552599550816,0.12063818704660201,0.1992878732627613,0.688781280272063,0.865167895553257,-0.3030075688078402,0.398135886576179,0.12093545998520883,0.6949576270190669,-0.2693058263021665,0.07335475007332337,0.5087349183304601,-0.24732881180787958,0.022130693755479713,0.2202416746097539,-0.3030075688078402,0.2135521351526466,0.9922178108517319,-0.26556229442629864,0.11812832469612271,4.165609983603311,-0.004519500608338056,0.0028521229106326373,0.05241892144273741,0.052418921442737854,4,0.022130693755479713,0.6018462726747635
core025_vol15_20bp,0.25,0.75,vol15,20.0,3.785797683606371,0.09470326033420662,0.1710901990794333,0.6296777970022066,0.7660431998539735,-0.2893780600877085,0.3272648254864336,0.9627334055513888,0.08095523761441425,0.15577326458453833,0.5900063279524979,0.726299011311112,-0.25839234489515384,0.3133035448370691,1.438333025804846,0.10887950699958182,0.18526682709885872,0.6677182445490311,0.8103268102929856,-0.2893780600877087,0.3762534967805822,0.09857154705068072,0.6690678885299268,-0.25839234489515384,0.06105319938861986,0.4882401797796306,-0.22280958645575033,0.011106110430761262,0.1510099549685597,-0.2893780600877087,0.20108766486217955,0.9959098804970075,-0.26556229442629875,0.23376404741221515,4.1157648358810475,-0.019221991791868787,-0.00890655713638755,0.06604843016286877,0.06604843016286932,4,0.011106110430761262,0.5786540341547787
core025_vol12_20bp,0.25,0.75,vol12,20.0,2.878694826608013,0.08148809618932362,0.14791964347885367,0.6187033856626099,0.7419309653537658,-0.2584868935923388,0.3152503984122266,0.7890134728658209,0.06945260535862996,0.13496500132505776,0.5773054037662266,0.6968622809784787,-0.2274593864983422,0.3053406870906871,1.16806350842888,0.09387664143481733,0.1599315610157976,0.6580912074131596,0.7905453595042397,-0.25848689359233823,0.36317756823241854,0.07614085158807593,0.6025296492746501,-0.2274593864983422,0.0620054217027759,0.546301267060179,-0.1843380056597428,0.0059012023884070786,0.11157907108326241,-0.25848689359233823,0.17617921360567346,1.0043669314807577,-0.22766511524746735,0.3405676892348989,3.7214499842324806,-0.03243715593675178,-0.02390942270115204,0.09693959665823848,0.09693959665823981,4,0.0059012023884070786,0.5744154581674146
core075_vol12_0bp,0.75,0.25,vol12,0.0,3.032773402105689,0.08392564844603112,0.13832176765324952,0.6682644120290067,0.8265771089274283,-0.29467738307979496,0.284805191253192,0.9044353076087668,0.07719919942517506,0.13203429010678158,0.643155433848318,0.8016850750078862,-0.22591555507672978,0.34171706060237944,1.1175691219300528,0.0908917189606282,0.14438978962570173,0.6927334804213973,0.8522924991883644,-0.2946773830797963,0.3084448423244462,0.07319209565660634,0.5985941636579251,-0.22591555507672978,0.08230525671187028,0.7001721316704489,-0.18300204752069893,-0.003276564597508358,0.038237648899983365,-0.2946773830797963,0.17948333037466102,1.1613952137026995,-0.199067640475191,0.2933622501354218,1.8971132292889814,-0.03085455674620685,-0.02762751116542783,0.059990977296075165,0.05999097729607217,3,-0.003276564597508358,0.6493831476641869
core075_vol12_10bp,0.75,0.25,vol12,10.0,2.9059484544385774,0.08192581996655757,0.1383090622377871,0.6545913785386193,0.8096948428413536,-0.2972406315353109,0.27562120139293655,0.8741223210103417,0.0752058216288991,0.13202005417729987,0.6288417997302388,0.7840647634175634,-0.227930495298864,0.32995067873778244,1.084148089294879,0.08888127015592029,0.1443784727474605,0.6796254673298006,0.8359756669678057,-0.29724063153531055,0.2990212666983978,0.07153053826141864,0.5869716729735538,-0.227930495298864,0.07990924429975954,0.6824699329193527,-0.1842173400381958,-0.0048121309534114864,0.0259035871648124,-0.29724063153531055,0.17699587477972356,1.1476656614967544,-0.19911290484073285,0.2933622501354218,1.8971132292889814,-0.032426864641583286,-0.029271322611525985,0.05780690055314264,0.05780690055314153,3,-0.0048121309534114864,0.6347208029464533
core075_vol15_20bp,0.75,0.25,vol15,20.0,3.7276488261978677,0.09393012617595597,0.1606713285886547,0.6550009287227946,0.8245521449680911,-0.3353250059467595,0.2801166763890836,1.043362954252585,0.08599062072142782,0.15352454184052114,0.6273979007457164,0.8022439297491003,-0.2538126577111449,0.33879563571368715,1.3136608287621163,0.10215180664761703,0.16757502950317762,0.681743713186874,0.8475570264805748,-0.33532500594675996,0.30463521907410573,0.09242171414003941,0.6488055603907665,-0.2538126577111449,0.07892549902066404,0.6013670792546334,-0.22404180439880894,-0.0015268506951371386,0.0649606980333576,-0.33532500594675996,0.20047378663039028,1.1283457215492398,-0.23276219402788612,0.17620180903471247,1.9863799794926995,-0.01999512595011943,-0.015634257488352343,0.02010148430381775,0.020101484303818085,3,-0.0015268506951371386,0.6250863198226999
core075_vol12_20bp,0.75,0.25,vol12,20.0,2.783082473863054,0.079929194532802,0.13829960933786023,0.6409007597489799,0.7926303838710562,-0.2997950851314015,0.2666127581703639,0.8442845178336886,0.07321564157469185,0.13200927030625417,0.6145090084506638,0.7661190456702178,-0.22994087457196444,0.3184107293276281,1.0512466689828859,0.08687404339969995,0.14437023043436165,0.666501204801592,0.8196419237748254,-0.29979508513140163,0.2897780774545475,0.06987117629098472,0.5753383041665171,-0.22994087457196444,0.07751790798887837,0.6647349485491535,-0.18543107788030766,-0.006345622500350423,0.0135694314088255,-0.29979508513140163,0.17451298787628589,1.1339061790980742,-0.19915816920627483,0.2933622501354218,1.8971132292889814,-0.0339960575932734,-0.03091202073626942,0.05563140511917575,0.055631405119176414,3,-0.006345622500350423,0.6200366263578353
core050_vol12_20bp,0.5,0.5,vol12,20.0,2.843319263719635,0.08091558271139876,0.14166969558139553,0.6356814320646335,0.7743322249750593,-0.2752232127306191,0.2939998480091746,0.8191119945278553,0.07151436099251374,0.13217073071469798,0.6016209620356464,0.7382616009636299,-0.22634320803519414,0.31595540954510976,1.1127447212051185,0.09060324616915572,0.15064939944795844,0.6684176625489867,0.8123042307173812,-0.27522321273061867,0.32919914446982285,0.07322136238317434,0.5960250345552871,-0.22634320803519414,0.0698718995569847,0.6099314076403088,-0.18184181011364609,-2.912606111948879e-05,0.06333874388638974,-0.27522321273061867,0.17560058879496276,1.0712125014535128,-0.21315760076234413,0.3169644744419509,2.809869407077858,-0.033009669414676646,-0.027182817966813655,0.08020327751995815,0.08020327751995937,3,-2.912606111948879e-05,0.602978221097798
core075_trend200_half_0bp,0.75,0.25,trend200_half,0.0,3.7532591335043266,0.09427173292397062,0.16204990745178718,0.6527942293749559,0.8159823510203497,-0.28856036740328517,0.3266967455451658,1.0288053322676647,0.08509464307349912,0.1637278420895377,0.5930548857077247,0.7393758043531095,-0.2869058370543348,0.2965943249784204,1.3428857652850619,0.10375712991429653,0.1603363808163195,0.714455085627966,0.8956782616780445,-0.2885603674032843,0.3595681931236535,0.07829702587985365,0.5393546500966185,-0.2869058370543348,0.09355130099156139,0.662566312446302,-0.201785880624611,-0.008556128531185814,-0.000668907422191705,-0.2885603674032843,0.2110903681919345,1.1779895569382506,-0.23270533569484553,0.17793361708441355,2.3328934175320715,-0.020508472268267353,-0.014762100211759499,0.06610799297258496,0.06610799297258418,3,-0.008556128531185814,0.6009604812714603
core050_trend200_half_0bp,0.5,0.5,trend200_half,0.0,3.917604545240973,0.09642346948008917,0.16835564632077896,0.6466259946062891,0.795737867843554,-0.2759630742340231,0.3494071435018144,1.0473875616422474,0.08623732677799545,0.16567474028556226,0.5945206675054926,0.7325570489333094,-0.27258687813279303,0.31636639066677374,1.4018923614523082,0.10694511783237282,0.1710167912960943,0.6977524256465368,0.8585815431763854,-0.275963074234023,0.38753415879720526,0.0858953065860657,0.5720772915304253,-0.27258687813279303,0.08707169179146357,0.6260207698342568,-0.1947197531566901,-0.0052121999182725975,0.027672667614730462,-0.275963074234023,0.21409315338650625,1.111557905410822,-0.24881398343676198,0.20193988716422062,3.3992061081125677,-0.018356735712148797,-0.011574112293683214,0.07870528614184702,0.07870528614184547,3,-0.0052121999182725975,0.599049030682341
core075_trend200_half_10bp,0.75,0.25,trend200_half,10.0,3.5700976698426325,0.09178944044576132,0.1620318664172026,0.638444523353586,0.7981439535729995,-0.292146630364719,0.3141896257066884,0.9887414942990707,0.08259914355253262,0.16371149951047123,0.5786941850993592,0.7218787176450939,-0.2919026776807422,0.28296809131320266,1.2979847722508375,0.1012833213208113,0.16031657633504207,0.7001166142922892,0.8775073864273438,-0.2921466303647181,0.34668659773473487,0.07589219846679574,0.5259217515393673,-0.2919026776807422,0.09093501199384924,0.6470133343476517,-0.20364420736476763,-0.010746419155829745,-0.01793482646320203,-0.2921466303647181,0.20833449196459797,1.1651109083101276,-0.23273376486136577,0.17793361708441355,2.3328934175320715,-0.022563244162379537,-0.01686927144663497,0.06290090172373453,0.06290090172373397,3,-0.010746419155829745,0.5864675429435096
core025_trend200_half_0bp,0.25,0.75,trend200_half,0.0,4.045363293157558,0.09804987598323178,0.1778200062373423,0.6301070456396854,0.7624099799170355,-0.26921500682686783,0.364206576516322,1.0574422765650175,0.08685180535986103,0.1706792140292863,0.5854031979901679,0.710310334790667,-0.26921500682686783,0.32261130753277595,1.4522502286581798,0.10961153856515504,0.18474549184547262,0.6727632762076555,0.8152220855604876,-0.2655121316333722,0.412830622430881,0.09286529059579096,0.5912051893722138,-0.26921500682686783,0.08027501687483984,0.5811803475473442,-0.1953239711859729,-0.0021557177894583335,0.05448761954730826,-0.2637943155634668,0.21633214541987145,1.0412825090505795,-0.26551213163337206,0.22594704631325324,4.458816396640973,-0.01673032920900619,-0.008907691560900988,0.0854533535490023,0.08915622874249629,3,-0.0021557177894583335,0.586192768459779
core050_trend200_half_10bp,0.5,0.5,trend200_half,10.0,3.6439311327654478,0.09280115067809014,0.1683299129913655,0.6264951847866881,0.7708025008918203,-0.28062197126992006,0.3306980927335447,0.9892514758993955,0.08263118767260669,0.1656527966279589,0.5740188461405529,0.7071150274247264,-0.2776460530044391,0.29761340663209623,1.3345118447961775,0.10329896899210422,0.17098734310838676,0.6779807900326424,0.8341230013451885,-0.28062197126992006,0.368107203169579,0.08280311207882218,0.5553056527821227,-0.2776460530044391,0.08284369838636318,0.6005828356228334,-0.19809898888743538,-0.008160626779424307,0.004935055155697134,-0.28062197126992006,0.20973697246420797,1.0928252487137056,-0.24884079685876148,0.20193988716422062,3.3992061081125677,-0.021551533930050715,-0.01485362377534205,0.07442556081853346,0.07442556081853202,3,-0.008160626779424307,0.577944244202478
core075_vol15_trend200_half_0bp,0.75,0.25,vol15_trend200_half,0.0,2.7947018531643013,0.08012061040159613,0.14396667138219424,0.6226153357128829,0.7487235254179785,-0.2922736496288978,0.27412875058468633,0.7840921397021179,0.06911257834074735,0.13816481235346503,0.564803029645336,0.6769784896019208,-0.26956887892451264,0.25638188880141816,1.1269651766964706,0.09145188786053882,0.1495918020638471,0.6774813652919307,0.8185065979144281,-0.2922736496288977,0.3128981623100682,0.05821778199217498,0.48192472398117964,-0.26956887892451264,0.0823808200360654,0.6663153338958653,-0.19613948131920766,-0.019132417320200323,-0.0994313085322937,-0.2922736496288977,0.19704690541063563,1.179201403650982,-0.23270533569484542,0.28611586245767556,2.399449948796993,-0.034659594790641846,-0.027067342265517214,0.06239471074697234,0.06239471074697078,3,-0.019132417320200323,0.5741200289385224
core050_vol15_trend200_half_0bp,0.5,0.5,vol15_trend200_half,0.0,2.98689361911484,0.08320912763586685,0.15055228936880705,0.621424684371896,0.737803326585784,-0.2765558068450501,0.30087644365568367,0.8067892918886568,0.07067392811710493,0.14088740818911807,0.5671902185435449,0.674348099032505,-0.2602709592894712,0.27153981492995527,1.2066179144482838,0.09611464480145426,0.1597119166225119,0.6720418407475356,0.8001297211869832,-0.2765558068450503,0.3475415898799251,0.06694824491992035,0.5304484959743024,-0.2602709592894712,0.07541352540957069,0.6135881093798966,-0.1920464842853249,-0.014069330621307663,-0.05204361028753691,-0.2765558068450503,0.20125851566807462,1.1189503284293452,-0.2488139834367621,0.30357349829643204,3.32115129585986,-0.03157107755637112,-0.022404585324601767,0.07811255353082003,0.07811255353081814,3,-0.014069330621307663,0.5720183026770995
core075_trend200_half_20bp,0.75,0.25,trend200_half,20.0,3.3939321169350016,0.08931189047315735,0.16201887994276606,0.6240721515053771,0.7801021582366656,-0.2968666342725961,0.30084852981877114,0.9494546290987549,0.08010847572044177,0.16370029089481103,0.5643129185579085,0.703754247429737,-0.2968666342725961,0.2698466801994414,1.2539288944448708,0.09881418640261619,0.1603017451066802,0.685753324261592,0.8595389923845402,-0.2957162901659176,0.3341519885400107,0.07349178414358248,0.5124724450023983,-0.2968666342725961,0.08832412102410325,0.6314336689615705,-0.2054989682271896,-0.012932720339506432,-0.035208571648323216,-0.2957162901659176,0.20558399926909288,1.1522049225668294,-0.23276219402788645,0.17793361708441355,2.3328934175320715,-0.024613361652918053,-0.018971877733353182,0.05855985597798119,0.059710200084660436,3,-0.012932720339506432,0.5719530569819844
core025_vol15_trend200_half_0bp,0.25,0.75,vol15_trend200_half,0.0,3.1622814764852443,0.08590754284907187,0.15958241317983607,0.6111845877533872,0.716196277148095,-0.2655121316333723,0.3235541152887725,0.8245469870945037,0.07188343892494697,0.14573866420692902,0.5610070779160875,0.6604509224158933,-0.262142426669133,0.27421520369030433,1.2812684496075777,0.10035141356178379,0.17242783559257,0.658000341066538,0.7736968899103039,-0.2655121316333722,0.3779541557835568,0.07531716474550931,0.5662579172553065,-0.262142426669133,0.06822770098524389,0.5555339164615591,-0.18805993809364518,-0.009223743125241546,-0.006207473135288934,-0.2610784108272497,0.20482973364357782,1.0546641541879764,-0.2655121316333724,0.32102691308243286,4.239534614773253,-0.0288726623431661,-0.018167816564272243,0.08915622874249785,0.08915622874249629,3,-0.009223743125241546,0.5608959168584329
core025_trend200_half_10bp,0.25,0.75,trend200_half,10.0,3.6802638950220494,0.09329345240294962,0.1777875821106822,0.6050958297793315,0.7320435738684768,-0.2752821204622852,0.3389012415564098,0.9814834598029734,0.08214230349997154,0.1706526134922493,0.5594075512980178,0.6786146598886489,-0.2752821204622852,0.29839316611637834,1.3619999813106718,0.10479752331178616,0.18470759491255315,0.6486328075729608,0.7859340015619597,-0.26955109701914093,0.3887853711993776,0.0890862063834923,0.571695856621038,-0.2752821204622852,0.0744638123347996,0.5462413619122598,-0.19773498338817763,-0.005859912598417005,0.027098824682097213,-0.26955109701914093,0.2103832618934609,1.0179432056762947,-0.2655372130298356,0.22594704631325324,4.458816396640973,-0.021059232205191236,-0.013355069455660118,0.07976541162616835,0.08549643506931115,3,-0.005859912598417005,0.5589686092666488
core050_trend200_half_20bp,0.5,0.5,trend200_half,20.0,3.3853709629819466,0.08918911734721835,0.16831336266631272,0.6063251367740193,0.7457118671837297,-0.2852529774623932,0.31266673582391175,0.9327396618295392,0.07903531139687847,0.16564039043241005,0.553479721570153,0.6815418565981813,-0.2826723322486243,0.2796004503453242,1.2689920684044624,0.09966317282629023,0.17096673353909467,0.6581683152620162,0.8094839504230854,-0.28525297746239375,0.3493852148815144,0.07971830322059059,0.5385109775196544,-0.2826723322486243,0.07863009229967499,0.5750825742419695,-0.2014655457345096,-0.011101619597202794,-0.017824594394406795,-0.28525297746239375,0.20539440444533663,1.0740451830562618,-0.2488676102807612,0.20193988716422062,3.3992061081125677,-0.024736134778857055,-0.018122891309679146,0.07017351278818407,0.07017351278818429,3,-0.011101619597202794,0.5567967758808119
core075_vol15_trend200_half_10bp,0.75,0.25,vol15_trend200_half,10.0,2.6443904091739934,0.07760061645261662,0.14395041023418,0.6059941393797709,0.7288942766755513,-0.29611895836781243,0.26205892685948223,0.7479326473998706,0.06658847132824564,0.13815542487250188,0.547310564094321,0.6565381932373154,-0.2749916433214197,0.24214725409097157,1.0849718749719464,0.08893116664578637,0.1495690947532595,0.6616494984967075,0.7991443119936599,-0.2961189583678123,0.3003224350645057,0.055767734991387874,0.46508031746266437,-0.2749916433214197,0.07975511189934248,0.6480490506389226,-0.19831533698930004,-0.021419674456520155,-0.11896446242380719,-0.2961189583678123,0.1942972099705098,1.1653471553297836,-0.23273376486136566,0.28611586245767556,2.399449948796993,-0.03675206815552423,-0.0292214261216599,0.058928573720641086,0.058928573720639754,3,-0.021419674456520155,0.5565646840507935
core050_vol15_trend200_half_10bp,0.5,0.5,vol15_trend200_half,10.0,2.7699712713214106,0.07971253627665331,0.15052304630961236,0.5994420126262009,0.7115323233573989,-0.28138912639756275,0.28328221952695803,0.756927859580055,0.067220666151657,0.14086686528001116,0.5437666983369104,0.6463277975944921,-0.26566775224205763,0.2530253129495758,1.1457746547558911,0.09256671894086277,0.15967482752902937,0.6512613770836758,0.7752080251097546,-0.2813891263975633,0.3289633829349859,0.06393361920328977,0.5104732668810601,-0.26566775224205763,0.07142423504186679,0.5858626573123429,-0.19474856841099253,-0.017013778861865392,-0.07650216778308794,-0.2813891263975633,0.1970995766711927,1.0996596543053578,-0.2488407968587617,0.30357349829643204,3.32115129585986,-0.03464014833148754,-0.025585873826583505,0.07365840569089077,0.07365840569088877,3,-0.017013778861865392,0.5481679620967015
core075_vol15_trend200_half_20bp,0.75,0.25,vol15_trend200_half,20.0,2.499984258130279,0.07508563775432009,0.14393973839434307,0.589346301713831,0.7087238665349755,-0.2999449702728628,0.25033137807249767,0.7124940990138267,0.06406946807784064,0.1381518344145968,0.5297934894737039,0.6353241037533633,-0.2803763649568476,0.2285123715321065,1.0437934706728695,0.08641539252444841,0.14955179116476622,0.6457894888273285,0.7798964172812509,-0.29994497027286326,0.28810415605847756,0.053322460714532394,0.44821791310688114,-0.2803763649568476,0.07713496665685171,0.6297497729460707,-0.20048603998182324,-0.023702442358004117,-0.13849693635632498,-0.29994497027286326,0.19155293024743236,1.1514584402318775,-0.23276219402788645,0.28611586245767556,2.399449948796993,-0.038839614371755316,-0.03137067161152096,0.055481519977714444,0.05548151997771478,3,-0.023702442358004117,0.538983843026476
core025_trend200_half_20bp,0.25,0.75,trend200_half,20.0,3.3413841065689383,0.08855473111916967,0.17777016357024575,0.5800265251871818,0.701645081363718,-0.2813020597310565,0.31480299576844156,0.908283602763623,0.07745025166701813,0.17064205894286655,0.5333536416124266,0.6470618819737199,-0.2813020597310565,0.27532770908633136,1.2750203901986317,0.10000154397402428,0.18468375587612706,0.6244448995024451,0.7564516219445935,-0.2752658200017054,0.363290814578449,0.08531805428876504,0.55215500136225,-0.2813020597310565,0.0686799481697411,0.5111948647484383,-0.20014024133337216,-0.009552313960510594,-0.0003301273983698478,-0.2752658200017054,0.20445970613052644,0.9945370745347343,-0.26556229442629864,0.22594704631325324,4.458816396640973,-0.025370521006905733,-0.017784520161945094,0.07412443051952078,0.08016067024887263,3,-0.009552313960510594,0.5316749330553442
core025_vol15_trend200_half_10bp,0.25,0.75,vol15_trend200_half,10.0,2.875377910271603,0.08143462512577893,0.15954225529013513,0.584711212391839,0.6850780006183517,-0.266936418514257,0.305071243478265,0.7609451209764899,0.06750207992584811,0.14570914694511475,0.5323040595684406,0.6265151619641548,-0.26503222121276304,0.2546938618141025,1.20073746995739,0.09577554245009434,0.1723783718836953,0.6332559379106676,0.7445257984542347,-0.2669364185142583,0.3587953377930652,0.0717335135137731,0.5437454384001679,-0.26503222121276304,0.06289539679501521,0.5188492986475274,-0.19129456740063633,-0.012829072818958065,-0.03479170078498429,-0.2669364185142583,0.1992651206147098,1.0310819550985142,-0.26553721302983546,0.32102691308243286,4.239534614773253,-0.03291805948236193,-0.022377050317351932,0.08811111357419654,0.08811111357419377,3,-0.012829072818958065,0.5312973685238476
core050_vol15_trend200_half_20bp,0.5,0.5,vol15_trend200_half,20.0,2.564761525817653,0.07622566340206727,0.1505034904455348,0.5774136300306828,0.6850862119366512,-0.28619236697546635,0.26634415238824893,0.7084206476149277,0.06377697571960783,0.14085674207500354,0.5202978540915019,0.6181579944205932,-0.2710276432903028,0.23531539050906003,1.086583026723725,0.08902870334395163,0.1596468087834015,0.6304354371689928,0.7500897154638039,-0.28619236697546635,0.31107993649454513,0.060926203714601,0.49046946988388473,-0.2710276432903028,0.06744786334375408,0.5580655279976027,-0.19744266700456226,-0.019950692521246483,-0.10097524908621688,-0.28619236697546635,0.19295314243821338,1.0803128874577044,-0.24886761028076076,0.30357349829643204,3.32115129585986,-0.03769958872400814,-0.02875736079201774,0.06923412327511091,0.06923412327511169,3,-0.019950692521246483,0.5242674989407436
core025_vol15_trend200_half_20bp,0.25,0.75,vol15_trend200_half,20.0,2.608098560835955,0.07697751176787482,0.15951736827010754,0.5581710668274783,0.6540057409746813,-0.27275103746616014,0.282226284024402,0.6995239526314978,0.06313600141566367,0.1456965709087578,0.5035308536540521,0.5928796838456599,-0.2685553135941995,0.23509496263799615,1.1230054188111112,0.0912160843981924,0.1723428527976502,0.6084480951425942,0.7151443460951952,-0.2727510374661598,0.3344298347884729,0.06815991935515764,0.5211916030402123,-0.2685553135941995,0.05758620613051835,0.4820494466689491,-0.1945177526179125,-0.016423120365422594,-0.06341021652336551,-0.2727510374661598,0.19372279337565268,1.0074227411349463,-0.26556229442629853,0.32102691308243286,4.239534614773253,-0.03694774035820059,-0.026569979737776972,0.08267545278441712,0.08267545278441824,3,-0.016423120365422594,0.5016205248545806
