variant,rebalance,model,absolute_filter,core_share,tilt_share,cost_bps,full_total_return,full_cagr,full_volatility,full_sharpe,full_sortino,full_max_drawdown,full_calmar,pre2018_total_return,pre2018_cagr,pre2018_volatility,pre2018_sharpe,pre2018_sortino,pre2018_max_drawdown,pre2018_calmar,holdout_total_return,holdout_cagr,holdout_volatility,holdout_sharpe,holdout_sortino,holdout_max_drawdown,holdout_calmar,2009_2013_cagr,2009_2013_sharpe,2009_2013_max_drawdown,2014_2017_cagr,2014_2017_sharpe,2014_2017_max_drawdown,2018_2021_cagr,2018_2021_sharpe,2018_2021_max_drawdown,2022_2026_cagr,2022_2026_sharpe,2022_2026_max_drawdown,cash_exposure_mean_weight,annualized_turnover,full_cagr_alpha_vs_same_freq_ew,holdout_cagr_alpha_vs_same_freq_ew,full_mdd_improvement_vs_same_freq_ew,holdout_mdd_improvement_vs_same_freq_ew,positive_era_count,worst_era_cagr,median_era_sharpe,robustness_score
monthly_classic_6_12minus1_top3_ma200_r12_core075_10bp,monthly,classic_6_12minus1,ma200_r12,0.75,0.25,10.0,5.583889248015512,0.11507051480169483,0.18444379075872525,0.6995086705384379,0.9176167143211108,-0.33088109047263836,0.34776999385889773,1.4529522091358804,0.10913763561335799,0.1875351443088188,0.6597848901101132,0.8746687937501599,-0.25809480646715544,0.4228587049358027,1.684067477341877,0.12129431202893803,0.18126907940633238,0.7412034945126237,0.9618726562842632,-0.3308810904726367,0.36657976391361313,0.12233719025897849,0.7130015549734038,-0.2568599165758517,0.09440154867963857,0.5949909964748553,-0.2580948064671561,0.01871429516560741,0.1979425640990592,-0.3308810904726367,0.21838900471614942,1.1491760482952742,-0.232733764861366,0.03934136156422066,1.631005494975388,0.000717830193553981,0.00314171926149176,0.02416644161581505,0.02416644161581538,4,0.01871429516560741,0.6539962757241295,10.688854458602451
monthly_classic_6_12minus1_top3_ma200_r12_core050_10bp,monthly,classic_6_12minus1,ma200_r12,0.5,0.5,10.0,5.567229194183002,0.11490725185821304,0.18582697091693287,0.6949639091976952,0.8967443847216735,-0.3130126085118141,0.36710103278116374,1.40403671951871,0.10656156164074271,0.1835693678766936,0.6570446638571565,0.8575882469468765,-0.25885874933961805,0.41165910718720133,1.7317507843631472,0.12358616234698117,0.18807691248689126,0.7324321477763701,0.9350998606603537,-0.313012608511812,0.39482806438551965,0.1238990762576806,0.7222329973810842,-0.25885874933961805,0.08709968094902276,0.5752017954135381,-0.24020654548149012,0.02251441932144882,0.2226883913388182,-0.313012608511812,0.21911822616437648,1.083182470116977,-0.24884079685876148,0.0787117004463893,2.9039115251835494,0.000554567250072191,0.0054335695795348915,0.042034923576639294,0.04203492357664007,4,0.02251441932144882,0.6487173963973112,10.719360490776577
monthly_classic_6_12minus1_top3_none_core100_10bp,monthly,classic_6_12minus1,none,1.0,0.0,10.0,5.510934888131941,0.11435268460814085,0.18808671031849994,0.6859699201309892,0.9114867333981235,-0.3550475320884534,0.32207711439507214,1.485186156250744,0.11081046979002718,0.19629776553171008,0.6467643689942233,0.8648756907022641,-0.2799534508551884,0.3958174812688633,1.6198982606416141,0.11815259276744627,0.17941707246855848,0.7307263966475113,0.9668389193679046,-0.3550475320884521,0.33277964804445176,0.1196716416020911,0.6843367684992018,-0.25609868412163195,0.10106518030136713,0.6021774637120273,-0.2799534508551871,0.014097528365708323,0.16999041671374432,-0.3550475320884521,0.2167851995031449,1.2005545069661685,-0.21856492342265588,0.0,0.3940620233842833,0.0,0.0,0.0,0.0,4,0.014097528365708323,0.6432571161056145,10.56120660372093
monthly_classic_6_12minus1_top3_ma200_core100_10bp,monthly,classic_6_12minus1,ma200,1.0,0.0,10.0,5.510934888131941,0.11435268460814085,0.18808671031849994,0.6859699201309892,0.9114867333981235,-0.3550475320884534,0.32207711439507214,1.485186156250744,0.11081046979002718,0.19629776553171008,0.6467643689942233,0.8648756907022641,-0.2799534508551884,0.3958174812688633,1.6198982606416141,0.11815259276744627,0.17941707246855848,0.7307263966475113,0.9668389193679046,-0.3550475320884521,0.33277964804445176,0.1196716416020911,0.6843367684992018,-0.25609868412163195,0.10106518030136713,0.6021774637120273,-0.2799534508551871,0.014097528365708323,0.16999041671374432,-0.3550475320884521,0.2167851995031449,1.2005545069661685,-0.21856492342265588,0.0,0.3940620233842833,0.0,0.0,0.0,0.0,4,0.014097528365708323,0.6432571161056145,10.56120660372093
monthly_classic_6_12minus1_top3_ma200_r12_core100_10bp,monthly,classic_6_12minus1,ma200_r12,1.0,0.0,10.0,5.510934888131941,0.11435268460814085,0.18808671031849994,0.6859699201309892,0.9114867333981235,-0.3550475320884534,0.32207711439507214,1.485186156250744,0.11081046979002718,0.19629776553171008,0.6467643689942233,0.8648756907022641,-0.2799534508551884,0.3958174812688633,1.6198982606416141,0.11815259276744627,0.17941707246855848,0.7307263966475113,0.9668389193679046,-0.3550475320884521,0.33277964804445176,0.1196716416020911,0.6843367684992018,-0.25609868412163195,0.10106518030136713,0.6021774637120273,-0.2799534508551871,0.014097528365708323,0.16999041671374432,-0.3550475320884521,0.2167851995031449,1.2005545069661685,-0.21856492342265588,0.0,0.3940620233842833,0.0,0.0,0.0,0.0,4,0.014097528365708323,0.6432571161056145,10.56120660372093
monthly_long_6_12_top3_none_core100_10bp,monthly,long_6_12,none,1.0,0.0,10.0,5.510934888131941,0.11435268460814085,0.18808671031849994,0.6859699201309892,0.9114867333981235,-0.3550475320884534,0.32207711439507214,1.485186156250744,0.11081046979002718,0.19629776553171008,0.6467643689942233,0.8648756907022641,-0.2799534508551884,0.3958174812688633,1.6198982606416141,0.11815259276744627,0.17941707246855848,0.7307263966475113,0.9668389193679046,-0.3550475320884521,0.33277964804445176,0.1196716416020911,0.6843367684992018,-0.25609868412163195,0.10106518030136713,0.6021774637120273,-0.2799534508551871,0.014097528365708323,0.16999041671374432,-0.3550475320884521,0.2167851995031449,1.2005545069661685,-0.21856492342265588,0.0,0.3940620233842833,0.0,0.0,0.0,0.0,4,0.014097528365708323,0.6432571161056145,10.56120660372093
monthly_long_6_12_top3_ma200_core100_10bp,monthly,long_6_12,ma200,1.0,0.0,10.0,5.510934888131941,0.11435268460814085,0.18808671031849994,0.6859699201309892,0.9114867333981235,-0.3550475320884534,0.32207711439507214,1.485186156250744,0.11081046979002718,0.19629776553171008,0.6467643689942233,0.8648756907022641,-0.2799534508551884,0.3958174812688633,1.6198982606416141,0.11815259276744627,0.17941707246855848,0.7307263966475113,0.9668389193679046,-0.3550475320884521,0.33277964804445176,0.1196716416020911,0.6843367684992018,-0.25609868412163195,0.10106518030136713,0.6021774637120273,-0.2799534508551871,0.014097528365708323,0.16999041671374432,-0.3550475320884521,0.2167851995031449,1.2005545069661685,-0.21856492342265588,0.0,0.3940620233842833,0.0,0.0,0.0,0.0,4,0.014097528365708323,0.6432571161056145,10.56120660372093
monthly_long_6_12_top3_ma200_r12_core100_10bp,monthly,long_6_12,ma200_r12,1.0,0.0,10.0,5.510934888131941,0.11435268460814085,0.18808671031849994,0.6859699201309892,0.9114867333981235,-0.3550475320884534,0.32207711439507214,1.485186156250744,0.11081046979002718,0.19629776553171008,0.6467643689942233,0.8648756907022641,-0.2799534508551884,0.3958174812688633,1.6198982606416141,0.11815259276744627,0.17941707246855848,0.7307263966475113,0.9668389193679046,-0.3550475320884521,0.33277964804445176,0.1196716416020911,0.6843367684992018,-0.25609868412163195,0.10106518030136713,0.6021774637120273,-0.2799534508551871,0.014097528365708323,0.16999041671374432,-0.3550475320884521,0.2167851995031449,1.2005545069661685,-0.21856492342265588,0.0,0.3940620233842833,0.0,0.0,0.0,0.0,4,0.014097528365708323,0.6432571161056145,10.56120660372093
monthly_long_6_12_top3_ma200_r12_core075_10bp,monthly,long_6_12,ma200_r12,0.75,0.25,10.0,5.367975908339643,0.1129237993299057,0.18607447285728324,0.6843676481292511,0.8943269539637259,-0.34304021461743495,0.3291853098210089,1.3551506096827652,0.10394028785934784,0.18852653272596195,0.631789383266149,0.8359024696769727,-0.2777401212166226,0.37423576904929734,1.703850820477848,0.12224951317758559,0.1835644879367569,0.739007934620703,0.9536284002372776,-0.34304021461743317,0.3563707926020313,0.1124856339729523,0.6646317864157877,-0.2777401212166226,0.09452365795357665,0.5920760334512991,-0.261002185606126,0.012744999848468774,0.1617180245866805,-0.34304021461743317,0.2265234725459211,1.1686396415391624,-0.23273376486136577,0.03697485449952379,2.0126723842040635,-0.001428885278235148,0.004096920410139315,0.012007317471018464,0.012007317471018908,4,0.012744999848468774,0.6283539099335433,10.533840101373242
monthly_classic_6_12minus1_top3_ma200_r12_core025_10bp,monthly,classic_6_12minus1,ma200_r12,0.25,0.75,10.0,5.467008963296683,0.11391681404663045,0.19208667444752084,0.6738268670738531,0.8506885660864401,-0.29974533617640275,0.38004532614175324,1.3402903962866004,0.10313394308050117,0.18464334693642812,0.6370663764927742,0.8114019280522287,-0.2644909826969659,0.3899336832918208,1.7633361114321904,0.12508488451611055,0.19931595077208636,0.7091656603476533,0.8908664711910522,-0.29974533617640176,0.4173038557053559,0.12439804392822995,0.711085452926377,-0.2644909826969659,0.07921854518798188,0.5411862441002171,-0.24576193840337224,0.025537795462453827,0.24133261928308386,-0.29974533617640176,0.21904615400012073,1.0127514463684513,-0.26553721302983535,0.11812832469612242,4.165609983603311,-0.0004358705615103986,0.0069322917486642766,0.055302195912050656,0.05530219591205032,4,0.025537795462453827,0.6261358485132971,10.656242212182605
monthly_classic_6_12minus1_top3_ma200_core075_10bp,monthly,classic_6_12minus1,ma200,0.75,0.25,10.0,5.420684591856438,0.11345411149841,0.18632795211041084,0.6863193235851162,0.9018195417526474,-0.3260198580473417,0.34799754891597806,1.3565767818178536,0.1040174379264931,0.19063573993209224,0.6272933967417711,0.8324650385407113,-0.2655937441085746,0.3916411445443188,1.724581113331487,0.12324382949408696,0.1818743920802964,0.7491707089028933,0.974671462401625,-0.32601985804734346,0.37802552958657487,0.11386115951839426,0.6630352029542508,-0.25685329265289236,0.09310502214558869,0.5836579120755518,-0.2655937441085763,0.022384377678032363,0.21976240185886298,-0.32601985804734346,0.21855917611460907,1.1490094739785939,-0.23273376486136577,0.026989630290131326,1.6990039652614561,-0.0008985731097308491,0.005091236726640691,0.02902767404111173,0.02902767404110862,4,0.022384377678032363,0.6233465575149013,10.599256701079321
monthly_long_6_12_top3_ma200_core075_10bp,monthly,long_6_12,ma200,0.75,0.25,10.0,5.447088862981568,0.1137182297147159,0.18866205085798995,0.681449549211832,0.8937044077973311,-0.34242987252629564,0.3320920247867199,1.363092139232739,0.10436936759149873,0.1928559559564464,0.623974230480718,0.8289323500862518,-0.26872187335578623,0.3883917832520998,1.7282426935222555,0.12341875964621773,0.18433019927940633,0.7425158521101815,0.9612399187696721,-0.3424298725262962,0.3604205402282479,0.11388132113104787,0.6571659258421261,-0.26872187335578623,0.09384071949640505,0.5834188845173734,-0.26847173639993505,0.014785918625859207,0.17400889984990997,-0.3424298725262962,0.22677691958745694,1.168821160334864,-0.23273376486136577,0.020171099291310772,2.11901348197146,-0.0006344548934249516,0.005266166878771461,0.012617659562157768,0.01261765956215588,4,0.014785918625859207,0.6202924051797498,10.510199189538652
monthly_classic_6_12minus1_top3_none_core075_10bp,monthly,classic_6_12minus1,none,0.75,0.25,10.0,5.503475098385476,0.11427885788883607,0.19275020439164361,0.6737100051520867,0.8866741365312775,-0.35850175493689973,0.3187679176325104,1.3698704082971118,0.1047345887523623,0.19808592213520124,0.6143598030286117,0.8213389770395255,-0.289667636819408,0.3615681403085379,1.7442323747392545,0.12418023479236617,0.18720834864459512,0.737663380032604,0.9557371513752897,-0.35850175493689995,0.34638668592911964,0.11480891426683337,0.6495555539353028,-0.289667636819408,0.09356052076533405,0.5713476484007483,-0.26997622799127907,0.02171446770584029,0.21335963371873756,-0.35850175493689995,0.2211442542424802,1.1511511838950907,-0.232733764861366,0.0,1.779569496138653,-7.382671930478146e-05,0.006027642024919899,-0.00345422284844632,-0.0034542228484478743,4,0.02171446770584029,0.6104516011680255,10.42282356459351
bimonthly_classic_6_12minus1_top3_ma200_r12_core075_10bp,bimonthly,classic_6_12minus1,ma200_r12,0.75,0.25,10.0,5.016964532676365,0.10985021014013863,0.1857598216900459,0.6695240635382307,0.8734124229656259,-0.36384275694184687,0.3019167155159173,1.2538597921591577,0.09937223623079272,0.18796931077146378,0.6098109182703348,0.8043969813453712,-0.26650808715859564,0.37286762022969133,1.6696268124612108,0.12059313426288965,0.1835195472011932,0.7308476590823532,0.9428321501624821,-0.363842756941847,0.33144299827896273,0.10679561508626012,0.6361550438835337,-0.26650808715859564,0.09138453795547496,0.5784049957153928,-0.26112358673472835,0.007914673266187444,0.13322733876921428,-0.363842756941847,0.22820094006252645,1.1905639269822588,-0.23281634542910212,0.038741757517163695,1.201652177818049,0.0011449847857660789,0.0030715612307008477,-0.007205805931928433,-0.007205805931928988,4,0.007914673266187444,0.6072800197994632,10.388819779981201
bimonthly_classic_6_12minus1_top3_ma200_r12_core050_10bp,bimonthly,classic_6_12minus1,ma200_r12,0.5,0.5,10.0,5.063158771784902,0.11034329085553907,0.1882770802640451,0.6655853827487188,0.8523590245759387,-0.3720634749362204,0.296571145217773,1.2313576719350512,0.09808696679176876,0.18488492623249894,0.6103907183897609,0.7909336175439414,-0.2784166062531228,0.35230286049314485,1.717250958035284,0.12289300962624994,0.19160909755531144,0.7191135776922783,0.9112268287912599,-0.37206347493621983,0.3303011929545533,0.11293772259097934,0.6638865209169661,-0.2784166062531228,0.0817204325420342,0.5442889686408316,-0.24607408317299195,0.001767608609031246,0.0961750025389503,-0.37206347493621983,0.23942526319657476,1.165752671097092,-0.24879829488171779,0.07748436892446871,2.167676796200197,0.001638065501166519,0.005371436594061141,-0.01542652392630195,-0.015426523926301838,4,0.001767608609031246,0.6040877447788988,10.33258607227687
monthly_long_6_12_top3_none_core075_10bp,monthly,long_6_12,none,0.75,0.25,10.0,5.396650773208718,0.11321281337534761,0.1934928150761209,0.6667877854268442,0.8760215543808726,-0.36706355371963517,0.30842836949652613,1.324527737861005,0.10227366472363575,0.19891416740206866,0.6011377994454864,0.802915581555052,-0.30370565179924036,0.33675258961345267,1.7518066009807258,0.12453957329760512,0.18785960038968905,0.7375289646327627,0.9530976206793442,-0.3670635537196354,0.33928613188529455,0.10959292628537964,0.6249037463153727,-0.30370565179924036,0.09426473381017764,0.5722927611616748,-0.275513085207292,0.016977549190153374,0.18648898227054034,-0.3670635537196354,0.22677691958745694,1.168821160334864,-0.23273376486136577,0.0,2.2252445741932343,-0.0011398712327932436,0.006386980530158848,-0.012016021631181761,-0.012016021631183316,4,0.016977549190153374,0.5985982537385237,10.330667435444836
bimonthly_classic_6_12minus1_top3_none_core100_10bp,bimonthly,classic_6_12minus1,none,1.0,0.0,10.0,4.91097213105965,0.10870522535437255,0.18776040627945567,0.6586535700370423,0.8736486140362996,-0.35663695100991843,0.3048064005890106,1.2671945933769546,0.10012855000195864,0.19556130919578177,0.5971816028245415,0.7961803675281448,-0.27964624446110986,0.3580543346645351,1.607174588509999,0.1175215730321888,0.17961209986018056,0.7268943810321375,0.96134594324676,-0.356636951009918,0.3295271920068668,0.10021464149207349,0.5949761961101565,-0.2559428809659069,0.10053526564921689,0.5997534535592534,-0.27964624446111064,0.01340406371846603,0.16600226614066652,-0.356636951009918,0.2162218279488617,1.1956236994224623,-0.21868236208814018,0.0,0.28669017107735534,0.0,0.0,0.0,0.0,4,0.01340406371846603,0.597364824834705,10.3808585942065
bimonthly_classic_6_12minus1_top3_ma200_core100_10bp,bimonthly,classic_6_12minus1,ma200,1.0,0.0,10.0,4.91097213105965,0.10870522535437255,0.18776040627945567,0.6586535700370423,0.8736486140362996,-0.35663695100991843,0.3048064005890106,1.2671945933769546,0.10012855000195864,0.19556130919578177,0.5971816028245415,0.7961803675281448,-0.27964624446110986,0.3580543346645351,1.607174588509999,0.1175215730321888,0.17961209986018056,0.7268943810321375,0.96134594324676,-0.356636951009918,0.3295271920068668,0.10021464149207349,0.5949761961101565,-0.2559428809659069,0.10053526564921689,0.5997534535592534,-0.27964624446111064,0.01340406371846603,0.16600226614066652,-0.356636951009918,0.2162218279488617,1.1956236994224623,-0.21868236208814018,0.0,0.28669017107735534,0.0,0.0,0.0,0.0,4,0.01340406371846603,0.597364824834705,10.3808585942065
bimonthly_classic_6_12minus1_top3_ma200_r12_core100_10bp,bimonthly,classic_6_12minus1,ma200_r12,1.0,0.0,10.0,4.91097213105965,0.10870522535437255,0.18776040627945567,0.6586535700370423,0.8736486140362996,-0.35663695100991843,0.3048064005890106,1.2671945933769546,0.10012855000195864,0.19556130919578177,0.5971816028245415,0.7961803675281448,-0.27964624446110986,0.3580543346645351,1.607174588509999,0.1175215730321888,0.17961209986018056,0.7268943810321375,0.96134594324676,-0.356636951009918,0.3295271920068668,0.10021464149207349,0.5949761961101565,-0.2559428809659069,0.10053526564921689,0.5997534535592534,-0.27964624446111064,0.01340406371846603,0.16600226614066652,-0.356636951009918,0.2162218279488617,1.1956236994224623,-0.21868236208814018,0.0,0.28669017107735534,0.0,0.0,0.0,0.0,4,0.01340406371846603,0.597364824834705,10.3808585942065
bimonthly_long_6_12_top3_none_core100_10bp,bimonthly,long_6_12,none,1.0,0.0,10.0,4.91097213105965,0.10870522535437255,0.18776040627945567,0.6586535700370423,0.8736486140362996,-0.35663695100991843,0.3048064005890106,1.2671945933769546,0.10012855000195864,0.19556130919578177,0.5971816028245415,0.7961803675281448,-0.27964624446110986,0.3580543346645351,1.607174588509999,0.1175215730321888,0.17961209986018056,0.7268943810321375,0.96134594324676,-0.356636951009918,0.3295271920068668,0.10021464149207349,0.5949761961101565,-0.2559428809659069,0.10053526564921689,0.5997534535592534,-0.27964624446111064,0.01340406371846603,0.16600226614066652,-0.356636951009918,0.2162218279488617,1.1956236994224623,-0.21868236208814018,0.0,0.28669017107735534,0.0,0.0,0.0,0.0,4,0.01340406371846603,0.597364824834705,10.3808585942065
bimonthly_long_6_12_top3_ma200_core100_10bp,bimonthly,long_6_12,ma200,1.0,0.0,10.0,4.91097213105965,0.10870522535437255,0.18776040627945567,0.6586535700370423,0.8736486140362996,-0.35663695100991843,0.3048064005890106,1.2671945933769546,0.10012855000195864,0.19556130919578177,0.5971816028245415,0.7961803675281448,-0.27964624446110986,0.3580543346645351,1.607174588509999,0.1175215730321888,0.17961209986018056,0.7268943810321375,0.96134594324676,-0.356636951009918,0.3295271920068668,0.10021464149207349,0.5949761961101565,-0.2559428809659069,0.10053526564921689,0.5997534535592534,-0.27964624446111064,0.01340406371846603,0.16600226614066652,-0.356636951009918,0.2162218279488617,1.1956236994224623,-0.21868236208814018,0.0,0.28669017107735534,0.0,0.0,0.0,0.0,4,0.01340406371846603,0.597364824834705,10.3808585942065
bimonthly_long_6_12_top3_ma200_r12_core100_10bp,bimonthly,long_6_12,ma200_r12,1.0,0.0,10.0,4.91097213105965,0.10870522535437255,0.18776040627945567,0.6586535700370423,0.8736486140362996,-0.35663695100991843,0.3048064005890106,1.2671945933769546,0.10012855000195864,0.19556130919578177,0.5971816028245415,0.7961803675281448,-0.27964624446110986,0.3580543346645351,1.607174588509999,0.1175215730321888,0.17961209986018056,0.7268943810321375,0.96134594324676,-0.356636951009918,0.3295271920068668,0.10021464149207349,0.5949761961101565,-0.2559428809659069,0.10053526564921689,0.5997534535592534,-0.27964624446111064,0.01340406371846603,0.16600226614066652,-0.356636951009918,0.2162218279488617,1.1956236994224623,-0.21868236208814018,0.0,0.28669017107735534,0.0,0.0,0.0,0.0,4,0.01340406371846603,0.597364824834705,10.3808585942065
monthly_long_6_12_top3_ma200_r12_core050_10bp,monthly,long_6_12,ma200_r12,0.5,0.5,10.0,5.132383866973095,0.1105017382257214,0.18921861531687006,0.6643843064409174,0.8494975505421075,-0.33888006917457947,0.3260791892980719,1.2141784285270845,0.09610234946399498,0.1856013221923573,0.5994692853903817,0.7795474755280907,-0.30248613992705475,0.3177082741284288,1.7695978733983266,0.12538020474736533,0.19279698170133494,0.7277205064666674,0.9162484942648206,-0.338880069174581,0.3699840036410437,0.10405441323503606,0.6244678703504591,-0.30248613992705475,0.0873301061522056,0.5688756940751063,-0.24614465811266628,0.01063951507453087,0.14857458481213556,-0.338880069174581,0.2351263453675394,1.1191135308718672,-0.2488407968587616,0.07400317895175625,3.6980503224399577,-0.003850946382419451,0.0072276119799190575,0.016167462913873942,0.016167462913871056,4,0.01063951507453087,0.5966717822127827,10.39823636667277
monthly_classic_6_12minus1_top3_ma200_core050_10bp,monthly,classic_6_12minus1,ma200,0.5,0.5,10.0,5.248571466259106,0.1117069859576092,0.18913920628701145,0.6704744124713693,0.8706745285273464,-0.3028431116713146,0.36886091065808485,1.2191265926605999,0.0963848423249154,0.18921278805704453,0.5930330595425466,0.779342357704558,-0.2588489530980246,0.3723594056353592,1.8157796346207715,0.1275402022224359,0.18906035867344684,0.7487283431200893,0.9608295065882225,-0.30284311167131517,0.4211428205138083,0.1070083285284733,0.6256123487372908,-0.2588489530980246,0.08453668435522999,0.5525649688893092,-0.2553202993832938,0.029980509487392837,0.26767777637922874,-0.30284311167131517,0.21945978466169747,1.0831656265640635,-0.24884079685876126,0.05404394500419657,3.042717362208289,-0.002645698650531658,0.00938760945498962,0.0522044204171388,0.05220442041713691,4,0.029980509487392837,0.5890886588133,10.548991671695417
monthly_classic_6_12minus1_top3_ma200_r12_core000_10bp,monthly,classic_6_12minus1,ma200_r12,0.0,1.0,10.0,5.287585602791253,0.11210695885822552,0.20275074897443307,0.6406490393572313,0.7804597652165496,-0.288195030551582,0.3889968492644091,1.2629676793134421,0.09886369911265391,0.19062709164826358,0.6020969662695165,0.7271344014547286,-0.2734084427949739,0.36159709664412504,1.7784690255491595,0.12579758141702047,0.2142903817746703,0.6773579618178364,0.8364882774074892,-0.2881950305515807,0.43650156345949004,0.12382661696685093,0.6832664453286749,-0.2734084427949739,0.070780292819149,0.4938034548395425,-0.25155555852217626,0.02779134264281602,0.25231858643103283,-0.2881950305515807,0.2181795042809469,0.9442952065261406,-0.28218514256015725,0.15760824813462515,5.411904637318873,-0.0022457257499153283,0.0076449886495741914,0.06685250153687139,0.06685250153687139,4,0.02779134264281602,0.5885349500841087,10.52035257656095
bimonthly_classic_6_12minus1_top3_ma200_core075_10bp,bimonthly,classic_6_12minus1,ma200,0.75,0.25,10.0,5.0241654599039824,0.10992730746462542,0.18786258100837036,0.6645092613969745,0.8691610346922487,-0.3586897237780534,0.30646907390256095,1.197357722839766,0.09612307778081974,0.19152251455048044,0.5862298337179368,0.775545294176699,-0.2685911566272068,0.35787878866851347,1.7415497246022484,0.12405275348610822,0.18412293822853182,0.7462868749816974,0.965228419213112,-0.3586897237780522,0.34584975610527613,0.0995063114393766,0.5917326375494786,-0.266508087158598,0.09272352805869022,0.58000243819995,-0.26859115662720867,0.014574573922920608,0.17271464383958665,-0.3586897237780522,0.22828894766988816,1.1895444613374884,-0.23281634542910234,0.02490243394195395,1.2307777718103434,0.0012220821102528756,0.006531180453919427,-0.0020527727681349806,-0.0020527727681342034,4,0.014574573922920608,0.5858675378747142,10.350585170903363
bimonthly_long_6_12_top3_ma200_r12_core075_10bp,bimonthly,long_6_12,ma200_r12,0.75,0.25,10.0,4.5653422011385665,0.10483233370488709,0.1877312212451585,0.639672262143923,0.8312104956933939,-0.37851951285268504,0.27695357873316956,1.187602059988074,0.0955546197670265,0.18919113123364537,0.5882906861847318,0.7756662718436068,-0.28046594951931314,0.3406995392160663,1.5440377401952645,0.11434949635070457,0.1862568225906973,0.6919577432119414,0.886151150632344,-0.37851951285268515,0.3020967016704576,0.1030170764414644,0.6158131817769236,-0.28046594951931314,0.08750280279886691,0.5555161737178321,-0.26292181777058343,0.002356412538225161,0.10101860146696606,-0.37851951285268515,0.22127707570556554,1.145156307282155,-0.23281634542910223,0.0355368859696688,1.333881387143082,-0.003872891649485455,-0.003172076681484226,-0.0218825618427666,-0.021882561842767156,4,0.002356412538225161,0.5856646777473778,10.189735408552275
monthly_long_6_12_top3_ma200_core050_10bp,monthly,long_6_12,ma200,0.5,0.5,10.0,5.292773175115984,0.1121599656125305,0.19380262806993512,0.6611313926170275,0.8544466374937866,-0.3373994912820102,0.33242482134859924,1.2305622095256883,0.09703558087269859,0.193543691864613,0.5871914448099151,0.7740714371313875,-0.2825300919946071,0.34345219720719444,1.8211601309492553,0.12778981616886687,0.1940593162982469,0.7355892193723784,0.9323673808328029,-0.3373994912820104,0.37874928525619983,0.10696089850117163,0.6155165319395315,-0.2825300919946071,0.08599345290543514,0.5521969759145379,-0.26114029152736506,0.0148424732903778,0.17449379276677854,-0.3373994912820104,0.23563460976612016,1.119741690515694,-0.2488407968587617,0.04039832405251935,3.9149085510163295,-0.0021927189956103543,0.009637223401420592,0.01764804080644322,0.017648040806441667,4,0.0148424732903778,0.5838567539270347,10.36566970961478
bimonthly_classic_6_12minus1_top3_none_core075_10bp,bimonthly,classic_6_12minus1,none,0.75,0.25,10.0,5.292690713097717,0.11274204136809018,0.19269607460097538,0.6661082024448314,0.8757151624929372,-0.35898338266018237,0.31405922060412766,1.2199954771663193,0.09743362798575661,0.19797192145963718,0.5796488307412718,0.7719275146296267,-0.2810165584195533,0.3467184586336359,1.8345511411266027,0.12840923441386942,0.18726251716789197,0.7581418962359605,0.9844350658334466,-0.3589833826601826,0.35770244701110004,0.10130093495937742,0.5877014658924767,-0.2810165584195533,0.09348726588960443,0.5702922121704359,-0.270088146144812,0.021521448964597623,0.21231532735254383,-0.3589833826601826,0.22992590415358882,1.187306863527274,-0.23281634542910234,0.0,1.28394722417116,0.004036816013717637,0.010887661381680624,-0.002346431650263936,-0.002346431650264602,4,0.021521448964597623,0.5789968390314564,10.355184503853078
bimonthly_long_6_12_top3_ma200_core075_10bp,bimonthly,long_6_12,ma200,0.75,0.25,10.0,4.675465270383366,0.10609032265193652,0.19032830206465343,0.6396736318724272,0.8345922982756085,-0.3734853650914707,0.28405483204396464,1.1663028681371288,0.0943057019949971,0.19375551177061603,0.5729417649216081,0.7599740512692528,-0.27909032079322005,0.3379038790272804,1.619885406542386,0.11815195664765255,0.18683244887553643,0.7091676865833619,0.9101864159153458,-0.37348536509147046,0.31634962890370794,0.09777512720172177,0.5787217829657174,-0.27909032079322005,0.09079802946805438,0.566389767717241,-0.2703712135601918,0.008979585903816867,0.14020166244715107,-0.37348536509147046,0.22210262104330258,1.1475718914123714,-0.23281634542910234,0.01844851717804564,1.3918174235932936,-0.0026149027024360283,0.0006303836154637477,-0.016848414081552243,-0.016848414081552465,4,0.008979585903816867,0.5725557753414792,10.18611799125562
monthly_classic_6_12minus1_top3_none_core050_10bp,monthly,classic_6_12minus1,none,0.5,0.5,10.0,5.430140291682531,0.11354881296029862,0.20051478816516075,0.651968028931453,0.8552618450235275,-0.3669886505299014,0.3094068789221233,1.247967842163893,0.0980203985328334,0.20241253003922244,0.5746643486009831,0.771937236096499,-0.3224760015306518,0.3039618392301246,1.860423610638883,0.12959870625211045,0.19857647325351035,0.7315854357537552,0.9377389725394089,-0.3669886505299006,0.3531409106657137,0.1091366177302815,0.6078431328540762,-0.3224760015306518,0.08561470554351258,0.5333970480625888,-0.26015501466420876,0.028951427318608225,0.25258073087005123,-0.3669886505299006,0.22467004244037048,1.0892873892283763,-0.24884079685876148,0.0,3.2012168010548954,-0.0008038716478422359,0.011446113484664178,-0.011941118441447962,-0.011941118441448517,4,0.028951427318608225,0.5706200904583325,10.230248291913203
bimonthly_classic_6_12minus1_top3_ma200_core050_10bp,bimonthly,classic_6_12minus1,ma200,0.5,0.5,10.0,5.085620342303983,0.11058177005811687,0.19195401501096016,0.6576415498660713,0.8490719849693987,-0.3617920206818558,0.3056501076217977,1.1216111576525694,0.09164946084550829,0.19129588403078268,0.5648322671316834,0.7398123256593757,-0.2784166062531247,0.3291810143040981,1.8683957097196635,0.12996330214635288,0.1926036929619865,0.7499389247021748,0.9549404675250366,-0.3617920206818561,0.35922102953353097,0.09839368292882211,0.5786623634688174,-0.2784166062531247,0.08439337575651296,0.5488678202022271,-0.2610707207782127,0.015293953415209005,0.17696804675745167,-0.3617920206818561,0.23960412369716022,1.1641928931798486,-0.2487982948817179,0.049808734620285934,2.2281155147972345,0.0018765447037443206,0.01244172911416408,-0.005155069671937351,-0.005155069671938128,4,0.015293953415209005,0.5637650918355223,10.267130456123732
bimonthly_long_6_12_top3_none_core075_10bp,bimonthly,long_6_12,none,0.75,0.25,10.0,4.8958777723947255,0.10854059749388334,0.19376119058254335,0.6434642848712444,0.8438031621645828,-0.3676681345822407,0.29521350175535754,1.1692436023638577,0.09447878117435327,0.1990989204036263,0.5636374459991237,0.7516907899125979,-0.28596139323746306,0.3303899876298961,1.717941759039828,0.12292610691815087,0.18826364067444207,0.7284943735510363,0.939544290726172,-0.36766813458224,0.3343398444301535,0.09792406666219988,0.5702848034157079,-0.28596139323746306,0.0909996316752455,0.5559668112188076,-0.2746505007431397,0.018322974889755317,0.19408875880404952,-0.36766813458224,0.22210262104330258,1.1475718914123714,-0.23281634542910234,0.0,1.4305545724754183,-0.0001646278604892082,0.005404533885962071,-0.011031183572322245,-0.011031183572322023,4,0.018322974889755317,0.5631258073172578,10.208698128893179
bimonthly_classic_6_12minus1_top3_none_core050_10bp,bimonthly,classic_6_12minus1,none,0.5,0.5,10.0,5.644077356868843,0.11625914255483827,0.20058180558419716,0.6638986691250225,0.8697289245428216,-0.36232173204202256,0.3208726727475303,1.1664927044360294,0.09431688122175563,0.20280149917770957,0.556275399216162,0.7434057007940102,-0.30664791607823616,0.3075738535190053,2.0667434712633366,0.1387579161343686,0.19832683459697878,0.7741654131702478,0.9948259546736714,-0.362321732042023,0.38296879227292696,0.10192289408508048,0.5745131188824698,-0.30664791607823616,0.0860957336039212,0.5345582901890105,-0.2606480250640437,0.02927539371635346,0.25454299375670647,-0.362321732042023,0.2429173189897622,1.1614320797621995,-0.2487982948817179,0.0,2.3332712438881957,0.007553917200465721,0.02123634310217981,-0.005684781032104125,-0.005684781032105013,4,0.02927539371635346,0.5545357045357402,10.295296301515336
monthly_long_6_12_top3_ma200_r12_core025_10bp,monthly,long_6_12,ma200_r12,0.25,0.75,10.0,4.822536611082129,0.1071791989748283,0.19723701600922322,0.6297368371208295,0.7850989349964071,-0.3386416173563468,0.3164974222942169,1.0663467103885642,0.08739377241467072,0.1876903180540323,0.5513298550677931,0.6984805530475044,-0.3338724641979073,0.26175795187130774,1.8177926684855525,0.12763364095161633,0.20641842461721457,0.7030953891897689,0.8669155621420749,-0.3386416173563458,0.37689886419751534,0.09448555296610195,0.5675127046334842,-0.3338724641979073,0.07957110553137325,0.5321088806427894,-0.25457000928322715,0.00785406104289077,0.13146554273598962,-0.3386416173563458,0.24269596545475913,1.0635284918970227,-0.2655372130298356,0.1111018589124823,5.373544486653812,-0.0071734856333125485,0.00948104818417006,0.01640591473210662,0.016405914732106286,4,0.00785406104289077,0.5498107926381368,10.17950888035472
monthly_long_6_12_top3_none_core050_10bp,monthly,long_6_12,none,0.5,0.5,10.0,5.207447375960084,0.11128282641800347,0.20210074958118185,0.6380877034606416,0.8326536778429974,-0.3850309055996304,0.28902310126169334,1.1612019190132057,0.09304238280340105,0.2041194072181419,0.5487442954118561,0.7360705997479114,-0.34929106194698833,0.26637493179691507,1.8722200000610631,0.1301378843612313,0.20003653647432007,0.7302023276776403,0.9274778561419339,-0.38503090559962994,0.3379933466861845,0.0986196119828131,0.5598837787300079,-0.34929106194698833,0.08700356021787381,0.5356966347329692,-0.27133488126660876,0.019419211757470745,0.19999699477753632,-0.38503090559962994,0.23563460976612016,1.119741690515694,-0.2488407968587617,0.0,4.133318226564951,-0.0030698581901373867,0.01198529159378503,-0.02998337351117697,-0.029983373511177858,4,0.019419211757470745,0.5477902067314886,10.043110118834576
monthly_classic_6_12minus1_top3_ma200_core025_10bp,monthly,classic_6_12minus1,ma200,0.25,0.75,10.0,5.006391290512195,0.10917021858885123,0.19629037677510125,0.6412160762873398,0.8208803497406585,-0.2839043450248784,0.38453169351559136,1.076012872511631,0.08797976841082789,0.1920759053002587,0.5459878028086902,0.7077041473781789,-0.2673169089083719,0.32912159866768725,1.893234126841159,0.13109354656191252,0.20044605903738036,0.7336477013638244,0.9290604011513176,-0.28390434502487805,0.4617525193227494,0.09918414476591897,0.5758672486069152,-0.2673169089083719,0.07542208732203304,0.5088598011434965,-0.24576193840337213,0.03691767610471386,0.30931794033092863,-0.28390434502487805,0.21955921331137662,1.0131034140711377,-0.26553721302983535,0.08117656246633558,4.375705348350394,-0.005182466019289622,0.012940953794466248,0.07114318706357503,0.07114318706357403,4,0.03691767610471386,0.5423635248752059,10.426283317660339
bimonthly_long_6_12_top3_ma200_core050_10bp,bimonthly,long_6_12,ma200,0.5,0.5,10.0,4.400578876191481,0.10290567774421033,0.19700557380844144,0.60963077160635,0.7838075076275731,-0.3917814992689793,0.2626608911758745,1.0614686626302197,0.08799578130224406,0.19568800546736806,0.5389893718922778,0.7104615263854887,-0.30304634555738774,0.29037070597368525,1.6197724826439517,0.11814636818516111,0.19831133679789864,0.6794438391709998,0.853253593218634,-0.39178149926897887,0.301561886933429,0.09485775909190997,0.5539574270032609,-0.30304634555738774,0.08058703490071162,0.5215089206269318,-0.2646341139411761,0.004137307751504116,0.11263702304521848,-0.39178149926897887,0.2271698735249814,1.0864458752849597,-0.2487982948817179,0.03687020643147638,2.5749474694861374,-0.0057995476101622145,0.0006247951529723128,-0.03514454825906088,-0.03514454825906088,4,0.004137307751504116,0.5377331738150963,9.938104439363336
monthly_long_6_12_top3_ma200_core025_10bp,monthly,long_6_12,ma200,0.25,0.75,10.0,5.062941525045275,0.10977107856190149,0.20313163429299666,0.6291257278159708,0.8008897453544216,-0.33603291099594523,0.32666764167997236,1.091407598506842,0.08890808561235031,0.19827411623600383,0.5394378401393408,0.7033809960583411,-0.2996716816266948,0.2966849758033005,1.8989765215417194,0.13135362655871763,0.2079116767041182,0.7158397872201975,0.8919829150876688,-0.3360329109959451,0.39089512443709024,0.09901526858360876,0.5639694864130975,-0.2996716816266948,0.07761538886633579,0.5094810266256785,-0.2545700092832266,0.01433649219125721,0.17141463468859622,-0.3360329109959451,0.24346113267009906,1.0647515559564913,-0.26553721302983535,0.060693745965629944,5.701887914101762,-0.0045816060462393615,0.013201033791271355,0.019014621092508177,0.019014621092506956,4,0.01433649219125721,0.5367252565193881,10.157511143354698
bimonthly_classic_6_12minus1_top3_ma200_core025_10bp,bimonthly,classic_6_12minus1,ma200,0.25,0.75,10.0,5.100183079656652,0.11073594307278234,0.19972718797202363,0.6404835006838822,0.817065353430195,-0.3697547365634213,0.2994848533976484,1.0416960424412425,0.08677400496326904,0.19479446563587327,0.5346403285199838,0.6918489038395563,-0.2932468248885204,0.29590773914178514,1.9878017848154803,0.1353196926363771,0.20453450811620746,0.7417891359969014,0.9346640246869214,-0.3697547365634214,0.3659714920600258,0.09693951597539985,0.5580919364301629,-0.2932468248885204,0.07561707079322066,0.5067659770550719,-0.2551732740838474,0.015611166765201467,0.17875817213978645,-0.3697547365634214,0.25024888200725215,1.1288260968289237,-0.2655014224112031,0.07472860862127846,3.219403724799948,0.0020307177184097913,0.01779811960418831,-0.013117785553502848,-0.013117785553503403,4,0.015611166765201467,0.5324289567426174,10.123047529845964
monthly_classic_6_12minus1_top3_none_core025_10bp,monthly,classic_6_12minus1,none,0.25,0.75,10.0,5.298174682142383,0.11221511462166633,0.21105312283256075,0.6239536135693127,0.8183495968785182,-0.3784085070275143,0.2965449046141743,1.1218819095511408,0.09072802871862895,0.20911711663544638,0.5301943364302444,0.7181287430216727,-0.35658762787398224,0.2544340342360172,1.9682022613005383,0.13445362016997064,0.21298142760724895,0.7169597674523833,0.9122018181363208,-0.37840850702751383,0.3553134183640185,0.10271984161803527,0.5624666424613397,-0.35658762787398224,0.07728134567327949,0.48971832196045467,-0.25048296011586213,0.03583792074547376,0.28661151457839895,-0.37840850702751383,0.22742647753842937,1.024570130958805,-0.26553721302983546,0.0,4.612278257226985,-0.002137569986474519,0.01630102740252437,-0.023360974939060863,-0.02336097493906175,4,0.03583792074547376,0.5260924822108972,10.002965900590727
bimonthly_classic_6_12minus1_top3_none_core025_10bp,bimonthly,classic_6_12minus1,none,0.25,0.75,10.0,5.9650155678265175,0.1193216101142145,0.2110593203442393,0.6545861253703029,0.858105824423329,-0.37045522110318374,0.32209455641868134,1.1082485830431512,0.09084565953002643,0.20985302871997502,0.5290214739571081,0.7127141869708281,-0.33424242207509947,0.2717957193046391,2.303697497461557,0.14862778496662443,0.21224609889651058,0.7789163064097497,0.9953127786410464,-0.3704552211031842,0.40120310499072875,0.10214737453879486,0.5576669930810255,-0.33424242207509947,0.07842787437536058,0.493982159287637,-0.25230606034381864,0.03670755606365739,0.29151694332532563,-0.3704552211031842,0.2552739089550442,1.127206979362259,-0.2655014224112031,0.0,3.375127367322857,0.010616384759841946,0.031106211934435635,-0.013818270093265306,-0.013818270093266194,4,0.03670755606365739,0.5258245761843312,10.19562109882006
bimonthly_long_6_12_top3_none_core050_10bp,bimonthly,long_6_12,none,0.5,0.5,10.0,4.832420568272673,0.1078441250628488,0.20290209110361845,0.6203277476423887,0.8085381110379245,-0.3804329614852855,0.2834773428721949,1.0685068610092716,0.08842818337751446,0.2050234350540884,0.5255332823657198,0.7041371962058305,-0.31618492757769245,0.27967235520986694,1.819628340718633,0.12771879568084255,0.2007497932195983,0.7173213557585334,0.9101470432595378,-0.3804329614852857,0.33571958429207355,0.09516321010483697,0.5414576831799855,-0.31618492757769245,0.08116594766553797,0.5066551947484068,-0.2698460548657877,0.022827949403221304,0.21862395275345564,-0.3804329614852857,0.2271698735249814,1.0864458752849597,-0.2487982948817179,0.0,2.6529177273963263,-0.0008611002915237531,0.010197222648653748,-0.023796010475367058,-0.023796010475367724,4,0.022827949403221304,0.5240564389641962,10.003031963322655
bimonthly_classic_6_12minus1_top3_none_core000_10bp,bimonthly,classic_6_12minus1,none,0.0,1.0,10.0,6.2494839327749965,0.12192691674043288,0.2237455821549331,0.6405721847141443,0.8422837913105724,-0.37865155046748966,0.3220029512355088,1.0456366794298146,0.08701833364605016,0.21888831107883644,0.49958793857959244,0.6798289786250449,-0.3615446356962736,0.24068489767098222,2.543876586528389,0.1580127756535603,0.22848400867054217,0.7761094678543318,0.9904525936312447,-0.3786515504674898,0.41730391822897595,0.10196750571612756,0.5388728134226682,-0.3615446356962736,0.0704869265236725,0.45009417713632577,-0.24684340930855042,0.04381361465587186,0.32267561411705437,-0.3786515504674898,0.26698674605116146,1.0904777717011487,-0.28214586273635767,0.0,4.4123449363764875,0.01322169138606033,0.040491202621371514,-0.022014599457571227,-0.022014599457571782,4,0.04381361465587186,0.494483495279497,10.081434856167379
bimonthly_classic_6_12minus1_top3_ma200_core000_10bp,bimonthly,classic_6_12minus1,ma200,0.0,1.0,10.0,5.067780025033854,0.11039242358432988,0.21072984274404064,0.6163587164007603,0.7766472753570766,-0.37783933438466333,0.2921676319489376,0.9582491338270873,0.0814997355048146,0.20174647282726518,0.49836254368934174,0.6336848292705437,-0.31056202833346325,0.2624265945909684,2.098574088566226,0.1401221680142517,0.21933800416421195,0.7260723113163543,0.9107016204988719,-0.3778393343846631,0.37085119325241805,0.09514273612648205,0.5329070488003294,-0.31056202833346325,0.06640385627164469,0.4555778425424857,-0.2569411514507228,0.0155303175056134,0.1783640552289021,-0.3778393343846631,0.26021675419929524,1.0897896003607859,-0.28214586273635767,0.09967161932199084,4.20506126103196,0.0016871982299573318,0.022600594982062905,-0.021202383374744893,-0.021202383374745115,4,0.0155303175056134,0.4942424456714075,9.946813171212195
monthly_long_6_12_top3_ma200_r12_core000_10bp,monthly,long_6_12,ma200_r12,0.0,1.0,10.0,4.45116789252689,0.10297009102415688,0.20955673325792643,0.5861296427656291,0.7054049440631749,-0.3654060010037842,0.2817963874191834,0.9142567600412912,0.0778390384923413,0.19459614903060204,0.49207691652541696,0.593768487992913,-0.3654060010037842,0.213020690077652,1.847668090465207,0.12901347261199114,0.22363306060721144,0.671434306319985,0.8124524342738637,-0.3400494199310279,0.3793962437523314,0.08380821842175457,0.5006597274967981,-0.3654060010037842,0.07126736416286339,0.4836930833206749,-0.2631644596797811,0.0044040636886726325,0.11205787356607047,-0.3400494199310279,0.24922063354785506,1.0085364286836123,-0.28218514256015725,0.1482875194667193,7.035627048710667,-0.011382593583983969,0.010860879844544868,-0.010358468915330765,0.014998112157424193,4,0.0044040636886726325,0.49217640540873653,9.904516297559681
monthly_classic_6_12minus1_top3_ma200_core000_10bp,monthly,classic_6_12minus1,ma200,0.0,1.0,10.0,4.703012550281617,0.10585281253893575,0.20731711788357943,0.6031151036037843,0.7579192862268462,-0.2922059190754873,0.36225416950431505,0.9293727877866993,0.07881815243226864,0.1990115548758125,0.4902332048337594,0.6200870659423693,-0.2922059190754873,0.2697349618434905,1.9558893887084872,0.13390694418881632,0.2153626197268637,0.7093629734124363,0.8891489731321824,-0.2821851425601575,0.47453577099747357,0.09039906262807529,0.5190898639074432,-0.2922059190754873,0.06578276095179603,0.454580228183816,-0.2515555585221765,0.043195597917996764,0.3415018056799069,-0.26631938847759984,0.2188638571559096,0.9451205927020375,-0.2821851425601576,0.10840086577604702,5.6947966490848865,-0.008499872069205106,0.01575435142137005,0.06284161301296609,0.0728623895282946,4,0.043195597917996764,0.48683504604562955,10.193980654194112
monthly_long_6_12_top3_ma200_core000_10bp,monthly,long_6_12,ma200,0.0,1.0,10.0,4.766543637911133,0.10656105771106428,0.21609623907712922,0.5903163357923028,0.7402834953989065,-0.3360594908509701,0.3170898623967747,0.9478476846070325,0.08000565817006566,0.20674536129729662,0.48495039588502087,0.6226642080280004,-0.3183680549365593,0.2512992648901545,1.960469488185136,0.13411052955316816,0.22512877711707316,0.6890615977791015,0.8495161639808237,-0.33605949085096964,0.3990678234189237,0.09006224467619295,0.507492555308719,-0.3183680549365593,0.06872618141022313,0.45796331150286246,-0.2631644596797812,0.013276905544083117,0.16526607321141956,-0.33605949085096964,0.25024416242397307,1.010387853178265,-0.28218514256015725,0.08106921268642994,7.477552244421773,-0.007791626897076576,0.015957936785721882,0.018988041237483322,0.018988041237482434,4,0.013276905544083117,0.4827279334057907,9.910200825526214
bimonthly_long_6_12_top3_none_core025_10bp,bimonthly,long_6_12,none,0.25,0.75,10.0,4.730339558250713,0.10670861929117303,0.2147694758081717,0.5927949756563735,0.7705628365626387,-0.3971172525846254,0.2687080921230777,0.9669924793148492,0.08206157335005893,0.21311024930382166,0.4853578979086123,0.6557146874150992,-0.34796190038094754,0.2358349384234831,1.913249348185985,0.13199809267307194,0.2164070639825808,0.6987590892104667,0.8765312510398057,-0.3971172525846246,0.33239072796250146,0.09201730360128169,0.5111674344756795,-0.34796190038094754,0.07111770531595929,0.45382091507368977,-0.26520108356045957,0.026983694415688486,0.2393542592426182,-0.3971172525846246,0.23155655336720082,1.023318052103596,-0.2707904214936049,0.0,3.871577427958549,-0.001996606063199513,0.014476519640883145,-0.040480301574706945,-0.04048030157470661,4,0.026983694415688486,0.4824941747746846,9.76772032708822
monthly_classic_6_12minus1_top3_none_core000_10bp,monthly,classic_6_12minus1,none,0.0,1.0,10.0,5.111204494966765,0.11027972248836959,0.2239938656919843,0.5925923321214251,0.778652850295501,-0.38996213293836757,0.282795977284797,0.9929576645873539,0.08286384381688294,0.21798096871717584,0.4833050271643199,0.6610487421275554,-0.3897804655517295,0.2125910637917428,2.066399554569606,0.1387431077248349,0.22989112676592952,0.6976438521064846,0.8851450333836224,-0.38996213293836757,0.3557861033311223,0.09556182888290343,0.5159922084724986,-0.3897804655517295,0.06856945947464599,0.4420151318563451,-0.24096859912879864,0.04236892744081522,0.3150353385931524,-0.38996213293836757,0.22941689061922155,0.9625733179736864,-0.28218514256015736,0.0,6.01276526820043,-0.004072962119771262,0.020590514957388617,-0.03491460084991416,-0.03491460084991549,4,0.04236892744081522,0.47900367016442186,9.760697438871121
