variant,rebalance,model,top_k,absolute_filter,cost_bps,full_total_return,full_cagr,full_volatility,full_sharpe,full_sortino,full_max_drawdown,full_calmar,pre2018_total_return,pre2018_cagr,pre2018_volatility,pre2018_sharpe,pre2018_sortino,pre2018_max_drawdown,pre2018_calmar,holdout_total_return,holdout_cagr,holdout_volatility,holdout_sharpe,holdout_sortino,holdout_max_drawdown,holdout_calmar,2009_2013_cagr,2009_2013_sharpe,2009_2013_max_drawdown,2014_2017_cagr,2014_2017_sharpe,2014_2017_max_drawdown,2018_2021_cagr,2018_2021_sharpe,2018_2021_max_drawdown,2022_2026_cagr,2022_2026_sharpe,2022_2026_max_drawdown,cash_exposure_mean_weight,annualized_turnover,signal_count,full_cagr_alpha_vs_same_freq_ew,holdout_cagr_alpha_vs_same_freq_ew,full_mdd_improvement_vs_same_freq_ew,holdout_mdd_improvement_vs_same_freq_ew,positive_era_count,worst_era_cagr,median_era_sharpe
monthly_classic_6_12minus1_top3_ma200_r12_0bp,monthly,classic_6_12minus1,3,ma200_r12,0.0,5.8878300869322,0.1179826511076596,0.20280105521260058,0.6672450999425067,0.8125892586115427,-0.2838647380750208,0.41562982393564757,1.371131560597013,0.10480243915737586,0.19067563964772954,0.630942237107059,0.7614507294933582,-0.26721338918387894,0.3922050443559833,1.9048704852116916,0.13162009809664044,0.2143424894443405,0.702020733899183,0.8669745874502203,-0.2838647380750202,0.4636718846771862,0.12822887722014054,0.7026657783069659,-0.26721338918387894,0.07846586322559279,0.5362657703713837,-0.24951138435926812,0.03224109868484515,0.278740538678388,-0.2838647380750202,0.22538391640135047,0.9687818262268452,-0.2821618769216888,0.15760824813462515,5.411904637318873,209,0.0032024459154216256,0.013100867970584407,0.07080362230084891,0.07080362230084825,4,0.03224109868484515,0.6194657743391747
monthly_classic_6_12minus1_top3_ma200_r12_10bp,monthly,classic_6_12minus1,3,ma200_r12,10.0,5.287585602791253,0.11210695885822552,0.20275074897443307,0.6406490393572313,0.7804597652165496,-0.288195030551582,0.3889968492644091,1.2629676793134421,0.09886369911265391,0.19062709164826358,0.6020969662695165,0.7271344014547286,-0.2734084427949739,0.36159709664412504,1.7784690255491595,0.12579758141702047,0.2142903817746703,0.6773579618178364,0.8364882774074892,-0.2881950305515807,0.43650156345949004,0.12382661696685093,0.6832664453286749,-0.2734084427949739,0.070780292819149,0.4938034548395425,-0.25155555852217626,0.02779134264281602,0.25231858643103283,-0.2881950305515807,0.2181795042809469,0.9442952065261406,-0.28218514256015725,0.15760824813462515,5.411904637318873,209,-0.0022457257499153283,0.0076449886495741914,0.06685250153687139,0.06685250153687139,4,0.02779134264281602,0.5885349500841087
monthly_medium_3_6_12_top3_ma200_r12_0bp,monthly,medium_3_6_12,3,ma200_r12,0.0,3.788062474258621,0.09473319307489314,0.2035802389734156,0.5593792776726576,0.6739103498296346,-0.3552379779515017,0.2666752964341736,1.217681658284938,0.09630240803151313,0.19199960778975309,0.586693818131966,0.704665600965653,-0.3202185342718308,0.30073964410118387,1.1590395791799488,0.09334774325695827,0.21463771115770963,0.5363634942011923,0.6522078491505928,-0.35523797795150114,0.2627752353373168,0.10301844716953568,0.5922225330624076,-0.3202185342718308,0.08896052469852078,0.5831545606502629,-0.256591251141554,0.0043850384071915105,0.11089965779266785,-0.35523797795150114,0.1766478433434855,0.7990659807034524,-0.2821618769216887,0.1614277450093406,7.7964940981585125,209,-0.02004701211734483,-0.02517148686909776,-0.0005696175756320088,-0.0005696175756326749,4,0.0043850384071915105,0.5876885468563353
monthly_classic_6_12minus1_top3_ma200_r12_20bp,monthly,classic_6_12minus1,3,ma200_r12,20.0,4.739240637973195,0.1062575889985038,0.2027208265071172,0.613978035259797,0.7479205222447172,-0.29250167052616316,0.36327173382416444,1.159654255210202,0.09295199504342433,0.19060200983235534,0.5731664246107973,0.6920668223813201,-0.2795557391751713,0.3324989689629661,1.6574812260467864,0.12000079495754279,0.2142559558791218,0.6526293290325557,0.8059641543151385,-0.29250167052616294,0.41025678500119633,0.11943832560726309,0.6638206365943602,-0.2795557391751713,0.0631427145819321,0.4511898890711447,-0.2535953753111142,0.02335801622928102,0.2258291891844222,-0.29250167052616294,0.21101173008924645,0.9197383800579428,-0.2822084081986257,0.15760824813462515,5.411904637318873,209,-0.007667663127571611,0.0022147308215734185,0.06292481972441377,0.0629248197244151,4,0.02335801622928102,0.5575052628327525
bimonthly_classic_6_12minus1_top3_ma200_r6_0bp,bimonthly,classic_6_12minus1,3,ma200_r6,0.0,5.323795122927307,0.1130607396693355,0.20505089165319054,0.6396628591224001,0.7905890030314472,-0.3744967413380289,0.30190046317995706,1.0943461343859457,0.09000459168907216,0.1937633216680365,0.5520270003646005,0.6927576712854566,-0.308017847958709,0.29220576757337,2.0194603552394303,0.1367080842771209,0.215747814733087,0.7202261198698259,0.8839961358815278,-0.3744967413380291,0.3650447899457825,0.09830503005927493,0.5547794834083245,-0.308017847958709,0.08097376178561921,0.5576113041564429,-0.2544421789352006,0.003763288949955923,0.1112729220322178,-0.3744967413380291,0.26584204551633617,1.1198133685886222,-0.282119094349778,0.14888939381728686,4.235209688494901,105,0.004045858210059983,0.018941215473746942,-0.01809167633742992,-0.01809167633743003,4,0.003763288949955923,0.5561953937823837
quarterly_current_top3_none_0bp,quarterly,current,3,none,0.0,3.80600436600505,0.09593847587515336,0.2179082324962268,0.5415058312484755,0.7070396288679455,-0.37933565132003155,0.25291183557701935,1.2104326654266537,0.09786253106564446,0.21157577389062138,0.5576826724731846,0.7631470828737014,-0.3515338453399355,0.2783872232018251,1.174236945180775,0.09423735048244541,0.2240043143430121,0.5267976803790799,0.6619579399057434,-0.3793356513200309,0.24842734964276003,0.07475441974082098,0.4444806004255466,-0.3515338453399355,0.12509740588746254,0.6996635069015104,-0.24490321528045966,0.04410967588659509,0.32830222459735575,-0.3793356513200309,0.13968096269297847,0.6650937008314852,-0.2946616182054538,0.0,5.698939739984824,70,-0.013311113277568953,-0.02552851188393257,-0.02628807339058048,-0.026288073390580258,4,0.04410967588659509,0.5547871506285159
monthly_classic_6_12minus1_top3_ma200_r6_0bp,monthly,classic_6_12minus1,3,ma200_r6,0.0,4.616263871423944,0.10487363637803648,0.20167408281929697,0.6097335884997246,0.7538887941868305,-0.3075395247993401,0.34100864416196014,1.0081306662970437,0.08381235659131092,0.19140800564930346,0.5266211311758273,0.6582279431957605,-0.3075395247993401,0.27252547992325815,1.7967621657709443,0.12665454459139291,0.211523296904743,0.6871363580548896,0.8463912239621741,-0.2999163197349888,0.42229960911532605,0.08275315654540005,0.4898575098558081,-0.3075395247993401,0.08547665600262722,0.5928064339586233,-0.2139347638808362,0.012407460600834863,0.1595942764832633,-0.2999163197349888,0.23587256341860363,1.009247650557272,-0.2821618769216888,0.15255225207262182,5.958774708313445,209,-0.009906568814201488,0.008135314465336885,0.04712883557652958,0.054752040640879684,4,0.012407460600834863,0.5413319719072157
quarterly_current_top3_none_10bp,quarterly,current,3,none,10.0,3.3698080124623733,0.08987025634374768,0.21796587899298536,0.5152485275607992,0.6726701539417412,-0.3838739681495086,0.2341139639579458,1.106022676301193,0.09162734041463194,0.21163498939375053,0.530038278765506,0.7250555398996918,-0.3588520626512939,0.2553345792069995,1.0749102379738193,0.08832053857193789,0.22406053797227418,0.5018166178652433,0.6305440274250794,-0.3838739681495078,0.23007691560251775,0.06894804227913909,0.41936716961004405,-0.3588520626512939,0.118324709462996,0.6687674001100593,-0.24842163338347079,0.039046068478197915,0.30202094119727657,-0.3838739681495078,0.13295274819741776,0.6406712832742599,-0.29466161820545367,0.0,5.698939739984824,70,-0.019101989338550673,-0.0312220868645523,-0.03061572871800322,-0.03061572871800322,4,0.039046068478197915,0.5300192264421519
monthly_long_6_12_top3_ma200_r12_0bp,monthly,long_6_12,3,ma200_r12,0.0,5.1372352230982266,0.11055249153995605,0.20956841765216022,0.6197064725241047,0.7452853097117665,-0.35680960960576336,0.30983608222352754,1.029483879360742,0.0851365317609456,0.19457186739841534,0.5276282360391592,0.6363302528154643,-0.35680960960576336,0.2386049295449537,2.0240374341043603,0.13690774694292118,0.22367625125256152,0.7034178256202722,0.8506077384248698,-0.33425482153821784,0.4095909411654291,0.08990542946976654,0.5284012508600727,-0.35680960960576336,0.07999543594765601,0.5301137110944819,-0.2601779246143784,0.010923860583520462,0.15110892627521685,-0.33425482153821784,0.258521126755499,1.0378279596353468,-0.2821618769216889,0.1482875194667193,7.035627048710667,209,-0.004227713652281917,0.018388516816865152,-0.0021412492298936714,0.020413538837650624,4,0.010923860583520462,0.5292574809772773
monthly_long_6_12_top3_ma200_0bp,monthly,long_6_12,3,ma200,0.0,5.540845806103086,0.11464790344248055,0.21612123899324617,0.6248999350825761,0.7835532308955268,-0.329769377333895,0.3476608542896884,1.079054331825585,0.0881636529855645,0.20674654668345432,0.5222238722216386,0.6707505308517584,-0.31376879756992215,0.2809828563846205,2.1460677607014076,0.14213487569035022,0.22517610874190114,0.72119912253573,0.8889083798251767,-0.3297693773338941,0.4310129607529856,0.09699412827800646,0.5366786463413551,-0.31376879756992215,0.07833711389138331,0.5069054493683812,-0.2601779246143775,0.019869509569428123,0.20359939288988838,-0.3297693773338941,0.25973032405172103,1.0401692946580046,-0.28216187692168904,0.08106921268642994,7.477552244421773,209,-0.00013230174975742415,0.023615645564294185,0.024898983041974687,0.024898983041974354,4,0.019869509569428123,0.5217920478548681
monthly_classic_6_12minus1_top3_ma200_0bp,monthly,classic_6_12minus1,3,ma200,0.0,5.277304405942164,0.1120017834410354,0.2073621511985861,0.6305114584666286,0.7923327429235355,-0.2825314220535031,0.3964223965850622,1.032463035527599,0.08532029727116797,0.19904739730319598,0.5210968229633562,0.6589868033456396,-0.2825314220535031,0.3019851620433596,2.0885208223787766,0.13969263156761413,0.21541675813753466,0.7335610413509505,0.9197819997078927,-0.2821618769216888,0.49507975028952766,0.09561576828019969,0.5417994943640633,-0.2825314220535031,0.07379298299854775,0.4972951698544392,-0.249511384359268,0.04755448835836007,0.3666091705459485,-0.26183511505942714,0.22607323672522028,0.9695604543863098,-0.28216187692168926,0.10840086577604702,5.6947966490848865,209,-0.0027784217512025755,0.021173401441558104,0.07213693832236656,0.07250648345417965,4,0.04755448835836007,0.5195473321092512
bimonthly_classic_6_12minus1_top3_ma200_0bp,bimonthly,classic_6_12minus1,3,ma200,0.0,5.511333946922939,0.11495154999255752,0.21070639091067409,0.6363764366925001,0.8019465851961094,-0.3744967413380288,0.3069493998314922,1.0331628047600914,0.0862434932802143,0.2017178355077329,0.5205941052423039,0.6620549833602207,-0.30567136782581206,0.2821444935901241,2.202563971600533,0.14449440799724056,0.21931956768288952,0.7440812677777342,0.9333782962886474,-0.3744967413380291,0.3858362224487734,0.09911704578815717,0.5499162838424825,-0.30567136782581206,0.07203455407907766,0.48540240299028065,-0.2544421789352005,0.019172725397925916,0.19846035340298854,-0.3744967413380291,0.2653335596860431,1.1069544460397522,-0.2821190943497781,0.09967161932199084,4.20506126103196,105,0.005936668533282008,0.026727539193866612,-0.018091676337429807,-0.01809167633743003,4,0.019172725397925916,0.5176593434163815
bimonthly_classic_6_12minus1_top3_none_0bp,bimonthly,classic_6_12minus1,3,none,0.0,6.80653219912585,0.12676104528704957,0.22373980354085254,0.6603209728191646,0.8683314262320125,-0.3744388052995081,0.33853607984262013,1.1311332095091382,0.09221951798498162,0.2188824208373409,0.5218994542999581,0.7104543515857675,-0.3550313454580971,0.25975035490455284,2.663089742252156,0.162463878692356,0.2284788806050389,0.7934093587013582,1.0123483013475427,-0.374438805299508,0.4338863290689211,0.10678861058168554,0.5578718651121,-0.3550313454580971,0.07613911210519131,0.4771281682751436,-0.2432857899921982,0.04757426504426965,0.3413978025524524,-0.374438805299508,0.27213438313156657,1.1072226702811143,-0.2821190943497781,0.0,4.4123449363764875,105,0.017746163827774053,0.044697009888982064,-0.01803374029890914,-0.018033740298908918,4,0.04757426504426965,0.5175000166936218
monthly_medium_3_6_12_top3_ma200_0bp,monthly,medium_3_6_12,3,ma200,0.0,3.741362608776896,0.09411326566497791,0.2137754461109754,0.5399617425293276,0.6788391667858076,-0.34697368073393464,0.27124035882463826,1.0559765279014965,0.08676239397775931,0.20788610003192676,0.5141569695980723,0.6579130012893216,-0.2989517432911496,0.29022207070142847,1.3061365460316425,0.10173559749064753,0.2195590595907914,0.5650231486328555,0.7006465786277725,-0.34697368073393375,0.29320839919457864,0.09567124431613916,0.5285565362842728,-0.2989517432911496,0.07683837360971313,0.499138093004664,-0.25659125114155434,0.014804514528700352,0.17414845913097046,-0.34697368073393375,0.1829673557571676,0.8084283703663601,-0.28216187692168904,0.07795425633010249,8.590059918638914,209,-0.020666939527260064,-0.016783632635408496,0.007694679641935043,0.00769467964193471,4,0.014804514528700352,0.5138473146444684
monthly_classic_6_12minus1_top3_none_0bp,monthly,classic_6_12minus1,3,none,0.0,5.762750329155875,0.11679918368671416,0.22402514978057575,0.6194005465368412,0.814189516676758,-0.3849015285016043,0.30345211706850195,1.1074686174334105,0.08987016053001406,0.21798331825556963,0.5136018112021347,0.7029479514767518,-0.3813563122984879,0.23565929717631792,2.208944737403449,0.1447585796237323,0.22995067749832854,0.721110315013154,0.9151671265951288,-0.3849015285016042,0.37609250393800125,0.10198472675879011,0.5415660780657444,-0.3813563122984879,0.07627855010192586,0.4791308182499515,-0.23835230389842377,0.04728781938335502,0.33944305340138087,-0.3849015285016042,0.23652826142654915,0.9858484411323842,-0.28216187692168904,0.0,6.01276526820043,209,0.002018978494476187,0.026239349497676256,-0.030233168125734622,-0.030233168125735732,4,0.04728781938335502,0.510348448157848
monthly_classic_6_12minus1_top3_ma200_r6_10bp,monthly,classic_6_12minus1,3,ma200_r6,10.0,4.0798078432028655,0.09848172348837192,0.20164441121666532,0.5802226918420806,0.7177010445624811,-0.3186787885624498,0.30903130996769484,0.9038581798491119,0.0771615105021688,0.19139110003733115,0.4937147417550064,0.6173606719512098,-0.3186787885624498,0.24212942081976022,1.668165043472638,0.12052197016416244,0.2114816038123941,0.6606619281309289,0.8138569646374081,-0.30702694348047355,0.3925452561196065,0.07714862979937887,0.4647934952268657,-0.3186787885624498,0.07756241224244986,0.5474590868052565,-0.21632078642031372,0.007714783389020541,0.13019420323169145,-0.30702694348047355,0.22826546663694436,0.9834602097909796,-0.2821851425601575,0.15255225207262182,5.958774708313445,209,-0.015870961119768934,0.0023693773967161658,0.03636874352600361,0.04802058860797853,4,0.007714783389020541,0.5061262910160611
quarterly_current_top3_none_20bp,quarterly,current,3,none,20.0,2.972610384713101,0.08382623173051829,0.21806349592509863,0.4889154757113821,0.63801897066039,-0.38838591786193055,0.2158323149098267,1.0063876634240159,0.0854175749676711,0.21173769694209332,0.5023061529984535,0.6867574864081758,-0.3660998559524823,0.23331769619367954,0.9799814647652068,0.08242686791345522,0.2241534678130081,0.47677000305421985,0.598861874881599,-0.38838591786193044,0.2122292908229428,0.06316362331405445,0.39419121497946197,-0.3660998559524823,0.1115820661296405,0.6377453310041367,-0.2519293284409404,0.03400018450511011,0.2757269550553742,-0.38838591786193044,0.12625349242528028,0.616154451022723,-0.2946616182054538,0.0,5.698939739984824,70,-0.02486866336265403,-0.0368925524470336,-0.03491707593595572,-0.034917075935957165,4,0.03400018450511011,0.5051728330010925
quarterly_classic_6_12minus1_top3_none_0bp,quarterly,classic_6_12minus1,3,none,0.0,4.5142650075174435,0.10476581723607081,0.22356625583615777,0.5702585208396496,0.7514184646808713,-0.39431821236053843,0.2656885072817278,1.011853585999663,0.08576521723163277,0.21720133207312203,0.49657710212634354,0.6786101616025906,-0.3454208215782715,0.2482919727877452,1.740887828960704,0.12402128280730751,0.22969053116200577,0.6397216028349203,0.817386875382056,-0.39431821236053854,0.3145208081180654,0.09031865771560144,0.49647820936605047,-0.3454208215782715,0.08106772516495853,0.5002380933924906,-0.22704073436348515,0.039406308733827444,0.30110364468292067,-0.39431821236053854,0.20288794467866467,0.8723940280878404,-0.2831319975002369,0.0,3.8974207068264217,70,-0.004483771916651502,0.004255420440929525,-0.04127063443108736,-0.041270634431087916,4,0.039406308733827444,0.49835815137927053
bimonthly_classic_6_12minus1_top3_none_10bp,bimonthly,classic_6_12minus1,3,none,10.0,6.2494839327749965,0.12192691674043288,0.2237455821549331,0.6405721847141443,0.8422837913105724,-0.37865155046748966,0.3220029512355088,1.0456366794298146,0.08701833364605016,0.21888831107883644,0.49958793857959244,0.6798289786250449,-0.3615446356962736,0.24068489767098222,2.543876586528389,0.1580127756535603,0.22848400867054217,0.7761094678543318,0.9904525936312447,-0.3786515504674898,0.41730391822897595,0.10196750571612756,0.5388728134226682,-0.3615446356962736,0.0704869265236725,0.45009417713632577,-0.24684340930855042,0.04381361465587186,0.32267561411705437,-0.3786515504674898,0.26698674605116146,1.0904777717011487,-0.28214586273635767,0.0,4.4123449363764875,105,0.01322169138606033,0.040491202621371514,-0.022014599457571227,-0.022014599457571782,4,0.04381361465587186,0.494483495279497
bimonthly_classic_6_12minus1_top3_ma200_10bp,bimonthly,classic_6_12minus1,3,ma200,10.0,5.067780025033854,0.11039242358432988,0.21072984274404064,0.6163587164007603,0.7766472753570766,-0.37783933438466333,0.2921676319489376,0.9582491338270873,0.0814997355048146,0.20174647282726518,0.49836254368934174,0.6336848292705437,-0.31056202833346325,0.2624265945909684,2.098574088566226,0.1401221680142517,0.21933800416421195,0.7260723113163543,0.9107016204988719,-0.3778393343846631,0.37085119325241805,0.09514273612648205,0.5329070488003294,-0.31056202833346325,0.06640385627164469,0.4555778425424857,-0.2569411514507228,0.0155303175056134,0.1783640552289021,-0.3778393343846631,0.26021675419929524,1.0897896003607859,-0.28214586273635767,0.09967161932199084,4.20506126103196,105,0.0016871982299573318,0.022600594982062905,-0.021202383374744893,-0.021202383374745115,4,0.0155303175056134,0.4942424456714075
monthly_long_6_12_top3_ma200_r12_10bp,monthly,long_6_12,3,ma200_r12,10.0,4.45116789252689,0.10297009102415688,0.20955673325792643,0.5861296427656291,0.7054049440631749,-0.3654060010037842,0.2817963874191834,0.9142567600412912,0.0778390384923413,0.19459614903060204,0.49207691652541696,0.593768487992913,-0.3654060010037842,0.213020690077652,1.847668090465207,0.12901347261199114,0.22363306060721144,0.671434306319985,0.8124524342738637,-0.3400494199310279,0.3793962437523314,0.08380821842175457,0.5006597274967981,-0.3654060010037842,0.07126736416286339,0.4836930833206749,-0.2631644596797811,0.0044040636886726325,0.11205787356607047,-0.3400494199310279,0.24922063354785506,1.0085364286836123,-0.28218514256015725,0.1482875194667193,7.035627048710667,209,-0.011382593583983969,0.010860879844544868,-0.010358468915330765,0.014998112157424193,4,0.0044040636886726325,0.49217640540873653
monthly_current_top3_none_0bp,monthly,current,3,none,0.0,4.677504254157227,0.10556635226307076,0.21856066965292914,0.5817156829286041,0.7560123508849348,-0.3809379122549258,0.2771221998833898,1.011498374978581,0.08402202282345006,0.21552430461207353,0.4914915886297495,0.6557710603859066,-0.35051871784147004,0.2397076633763419,1.8225249022225447,0.1278530642167004,0.221575419142194,0.6704391006856995,0.8501666695888179,-0.38093791225492657,0.3356270407948793,0.09404071365756717,0.5183400141134334,-0.35051871784147004,0.07280636346789193,0.4580626569199804,-0.2919835385874072,0.041963412001404965,0.3190887441276612,-0.38093791225492657,0.20798551244247365,0.9109205931617165,-0.291605268098478,0.0,12.493381348066364,209,-0.00921385292916721,0.009333834090644366,-0.026269551879056108,-0.026269551879058106,4,0.041963412001404965,0.4882013355167069
monthly_classic_6_12minus1_top3_ma200_10bp,monthly,classic_6_12minus1,3,ma200,10.0,4.703012550281617,0.10585281253893575,0.20731711788357943,0.6031151036037843,0.7579192862268462,-0.2922059190754873,0.36225416950431505,0.9293727877866993,0.07881815243226864,0.1990115548758125,0.4902332048337594,0.6200870659423693,-0.2922059190754873,0.2697349618434905,1.9558893887084872,0.13390694418881632,0.2153626197268637,0.7093629734124363,0.8891489731321824,-0.2821851425601575,0.47453577099747357,0.09039906262807529,0.5190898639074432,-0.2922059190754873,0.06578276095179603,0.454580228183816,-0.2515555585221765,0.043195597917996764,0.3415018056799069,-0.26631938847759984,0.2188638571559096,0.9451205927020375,-0.2821851425601576,0.10840086577604702,5.6947966490848865,209,-0.008499872069205106,0.01575435142137005,0.06284161301296609,0.0728623895282946,4,0.043195597917996764,0.48683504604562955
monthly_long_6_12_top3_ma200_10bp,monthly,long_6_12,3,ma200,10.0,4.766543637911133,0.10656105771106428,0.21609623907712922,0.5903163357923028,0.7402834953989065,-0.3360594908509701,0.3170898623967747,0.9478476846070325,0.08000565817006566,0.20674536129729662,0.48495039588502087,0.6226642080280004,-0.3183680549365593,0.2512992648901545,1.960469488185136,0.13411052955316816,0.22512877711707316,0.6890615977791015,0.8495161639808237,-0.33605949085096964,0.3990678234189237,0.09006224467619295,0.507492555308719,-0.3183680549365593,0.06872618141022313,0.45796331150286246,-0.2631644596797812,0.013276905544083117,0.16526607321141956,-0.33605949085096964,0.25024416242397307,1.010387853178265,-0.28218514256015725,0.08106921268642994,7.477552244421773,209,-0.007791626897076576,0.015957936785721882,0.018988041237483322,0.018988041237482434,4,0.013276905544083117,0.4827279334057907
bimonthly_current_top3_none_0bp,bimonthly,current,3,none,0.0,5.292022840685238,0.1127351820340341,0.21687176849964274,0.6147253912087374,0.8103592615496822,-0.34921090435999014,0.3228283556627403,0.9373419969670584,0.08014722731476809,0.2106640949554286,0.479800989944715,0.6574137880936471,-0.2996686345328299,0.2674528398332847,2.2477605144241237,0.14635566782573228,0.2228937400789364,0.7428959384873425,0.9466621638239314,-0.34921090435999136,0.4191039454909417,0.07829063724949248,0.46168528761119587,-0.2996686345328299,0.08269094948202427,0.5032469335076003,-0.273203622279484,0.04717987667961876,0.34238639784519787,-0.34921090435999136,0.2398577273213911,1.0226681951777283,-0.2693741053560592,0.0,6.988035715385759,105,0.0037203005747585838,0.028588799022358335,0.007194160640608849,0.0071941606406077385,4,0.04717987667961876,0.4824661105593981
monthly_classic_6_12minus1_top3_none_10bp,monthly,classic_6_12minus1,3,none,10.0,5.111204494966765,0.11027972248836959,0.2239938656919843,0.5925923321214251,0.778652850295501,-0.38996213293836757,0.282795977284797,0.9929576645873539,0.08286384381688294,0.21798096871717584,0.4833050271643199,0.6610487421275554,-0.3897804655517295,0.2125910637917428,2.066399554569606,0.1387431077248349,0.22989112676592952,0.6976438521064846,0.8851450333836224,-0.38996213293836757,0.3557861033311223,0.09556182888290343,0.5159922084724986,-0.3897804655517295,0.06856945947464599,0.4420151318563451,-0.24096859912879864,0.04236892744081522,0.3150353385931524,-0.38996213293836757,0.22941689061922155,0.9625733179736864,-0.28218514256015736,0.0,6.01276526820043,209,-0.004072962119771262,0.020590514957388617,-0.03491460084991416,-0.03491460084991549,4,0.04236892744081522,0.47900367016442186
quarterly_classic_6_12minus1_top3_none_10bp,quarterly,classic_6_12minus1,3,none,10.0,4.1669464336115425,0.10057959765042801,0.22354289150943263,0.5528462050866862,0.7282676210037461,-0.3971654324000975,0.25324358427323024,0.943342583152174,0.08134620883574284,0.21719770354288692,0.4773620963468623,0.6522639959018939,-0.3506888126359543,0.23196123145276187,1.6587933997877844,0.1200649047499569,0.2296484795252811,0.6239939118332324,0.7969042064083202,-0.39716543240009716,0.3023045183574932,0.08615435465609034,0.47965869978697834,-0.3506888126359543,0.07634042408877617,0.4777200998247233,-0.22860526476200727,0.036754243645025664,0.287720361240446,-0.39716543240009716,0.19763827366541542,0.854840698959707,-0.283131997500237,0.0,3.8974207068264217,70,-0.008392648031870342,0.0005222793134667114,-0.043907192968592135,-0.04390719296859258,4,0.036754243645025664,0.4786893998058508
monthly_medium_3_6_12_top3_ma200_10bp,monthly,medium_3_6_12,3,ma200,10.0,3.1024515915167594,0.08499928067484386,0.21377151739715844,0.49975517603774966,0.6283584647216789,-0.3535088740649822,0.240444545839659,0.9125869714017776,0.07773046180662924,0.20787849278998285,0.47305590475439296,0.6050573998871601,-0.31126456551539206,0.24972473714739452,1.1449751843232363,0.092519510738029,0.21955865923290568,0.5256415037493717,0.6520897398001799,-0.35350887406498266,0.2617176470682371,0.08706679253629956,0.49264702319450115,-0.31126456551539206,0.06726825016799864,0.45028796681600364,-0.26006191437302195,0.00826354150241726,0.13534780690621043,-0.35350887406498266,0.17108868781711983,0.7675382169963891,-0.2821851425601575,0.07795425633010249,8.590059918638914,209,-0.029353403933296995,-0.025633082029417276,0.0015386580234711955,0.0015386580234694192,4,0.00826354150241726,0.4714674950052524
bimonthly_classic_6_12minus1_top3_none_20bp,bimonthly,classic_6_12minus1,3,none,20.0,5.7316961832362425,0.1171088190941183,0.22377036456823174,0.620771692881728,0.816309747016369,-0.3828398486714413,0.30589506160478813,0.9634854776773261,0.08183648275781996,0.21891727365049354,0.47722732194272105,0.6493744035711007,-0.3679992481056452,0.22238220099386274,2.4284420535666023,0.15357477162000155,0.2285042418702041,0.7587601928452344,0.968250926981189,-0.3828398486714415,0.40114625515851554,0.09716262055767744,0.5198427333979794,-0.3679992481056452,0.06485823566395288,0.422978336318245,-0.250388710459039,0.04006348750646693,0.30391314456667445,-0.3828398486714415,0.2618550054316655,1.0736764458836154,-0.28217263112293745,0.0,4.4123449363764875,105,0.008713238336470308,0.03629845084956074,-0.02597108843424034,-0.025971088434240563,4,0.04006348750646693,0.4714105348581122
monthly_classic_6_12minus1_top3_ma200_r6_20bp,monthly,classic_6_12minus1,3,ma200_r6,20.0,3.594226242916953,0.09212174808719809,0.2016376015991933,0.5506406693826384,0.6810994093966234,-0.3296477292817367,0.27945512710771725,0.8049189895145858,0.07054592686731675,0.1914011225931346,0.46073770839154266,0.5759980766864224,-0.3296477292817367,0.21400398243612345,1.5453919370378548,0.11441825972439101,0.2114591072620215,0.6341194859618619,0.7812248182441538,-0.31406953184473974,0.36430869002904004,0.07156892263979908,0.439699840453866,-0.3296477292817367,0.06969869990205169,0.5019347601513964,-0.2187012463441863,0.003040944818054836,0.10074596202868055,-0.31406953184473974,0.220699022154357,0.9575915690417014,-0.2822084081986257,0.15255225207262182,5.958774708313445,209,-0.02180350403887732,-0.0033678044115783567,0.025778760968840242,0.04135695840583831,4,0.003040944818054836,0.4708173003026312
bimonthly_classic_6_12minus1_top3_ma200_20bp,bimonthly,classic_6_12minus1,3,ma200,20.0,4.65406373915618,0.1058476532158028,0.21077179002147003,0.5962931211678183,0.7513242848532699,-0.38116683473502966,0.27769376443620397,0.8860241194524834,0.07677192852544845,0.20179706989920998,0.4760854789294977,0.6054022328421038,-0.315423396327852,0.24339325940695752,1.9978745663112498,0.13576284102556957,0.2193717758350181,0.7080168846921868,0.8878016287857201,-0.38116683473502944,0.35617695101921965,0.09117915465146953,0.5158789525202173,-0.315423396327852,0.06079668651619774,0.42565092576390867,-0.25943459275619296,0.011898265192816337,0.15824173387844287,-0.38116683473502944,0.2551156753918853,1.0725645490226807,-0.28217263112293745,0.09967161932199084,4.20506126103196,105,-0.0025479275418451852,0.018486520255128758,-0.024298074497828726,-0.024298074497828503,4,0.011898265192816337,0.47076493914206297
monthly_classic_6_12minus1_top3_ma200_20bp,monthly,classic_6_12minus1,3,ma200,20.0,4.180861562812944,0.09973294398949073,0.20729360708634212,0.5756470706290782,0.7232783846138459,-0.30269339375036364,0.3294850368348051,0.8314295380184087,0.07234942424871882,0.19900158106228066,0.459298754561212,0.5807761886139413,-0.30269339375036364,0.23901884131764903,1.8288620748241229,0.1281463961409559,0.2153259747379405,0.6850970735806523,0.858684993196277,-0.2822084081986259,0.4540842597813847,0.08520315320745886,0.4963472175384315,-0.30269339375036364,0.05782501942767593,0.4117133237442783,-0.25359537531111376,0.038852049359800134,0.3163200106444332,-0.27077919130083383,0.21169120295107202,0.9206116424624008,-0.2822084081986259,0.10840086577604702,5.6947966490848865,209,-0.014192308136584675,0.010360332004986539,0.052733096500213295,0.07321808205195213,4,0.038852049359800134,0.4540302706413549
monthly_classic_6_12minus1_top3_none_20bp,monthly,classic_6_12minus1,3,none,20.0,4.521953339306899,0.10379280452414119,0.2239849028662969,0.5657202457353337,0.7431545061992888,-0.39809809164540744,0.26072168317900696,0.8845708391616567,0.07589611495196746,0.21800597977605196,0.4529507357910285,0.6192211188375076,-0.39809809164540744,0.19064676908717612,1.930085314152112,0.13275471463324684,0.22984907040691407,0.6741139162388288,0.8552188308860815,-0.39498497806541577,0.3361006671278029,0.0891705893631134,0.49038031016729994,-0.39809809164540744,0.06090833089320702,0.4048051647555513,-0.24357766704054584,0.037469674071933357,0.29056878342905884,-0.39498497806541577,0.22234081734777011,0.9392303658199935,-0.2822084081986258,0.0,6.01276526820043,209,-0.010132447601934214,0.01496865049727747,-0.042671601394830505,-0.03955848781483773,4,0.037469674071933357,0.4475927374614256
bimonthly_current_top3_none_10bp,bimonthly,current,3,none,10.0,4.595790262663605,0.10518248543410902,0.21691179846786895,0.5824053246386455,0.7673418206540117,-0.35615438304561553,0.29532834759649007,0.8128517935337218,0.07181610341741718,0.21071535939076816,0.4421579417031933,0.6051710981591779,-0.31583503619501696,0.227384853443154,2.0867334454053554,0.1396161346109297,0.22292210149546246,0.7156002241068841,0.911753074590094,-0.356154383045615,0.39201015418374946,0.06991809863156195,0.4251601693555828,-0.31583503619501696,0.07436456798454172,0.46416619224282213,-0.27744634280556413,0.041566059316608284,0.3137413278671711,-0.356154383045615,0.23199338544545411,0.995897936496367,-0.273270195698163,0.0,6.988035715385759,105,-0.003522739920263529,0.0220945615787409,0.0004825679643029046,0.00048256796430301563,4,0.041566059316608284,0.4446631807992025
monthly_long_6_12_top3_ma200_20bp,monthly,long_6_12,3,ma200,20.0,4.083270288270907,0.09852498106372498,0.21610444148915708,0.555639352050041,0.6967591041063996,-0.3422950140188893,0.2878364481765076,0.824798144501014,0.07190047093125185,0.20678163908554792,0.4475953853971293,0.574325638448891,-0.3264874109444381,0.22022432878273498,1.7856616928229645,0.12613512352951362,0.22511075060154975,0.6568250396611857,0.8100891730597536,-0.3422950140188894,0.3684982788634862,0.08316729625291597,0.4782661324455871,-0.3264874109444381,0.05919081005082627,0.4088510506353368,-0.26614208246862625,0.006721323811645252,0.1268406903326813,-0.3422950140188894,0.24082009520135594,0.9805023662549478,-0.282208408198626,0.08106921268642994,7.477552244421773,209,-0.015400271062350424,0.008349059393544245,0.013131476231687644,0.013131476231688644,4,0.006721323811645252,0.44355859154046196
monthly_medium_3_6_12_top3_ma200_20bp,monthly,medium_3_6_12,3,ma200,20.0,2.549121438403466,0.07595220928544211,0.2138064153770124,0.45946367910456387,0.5775724885147833,-0.3599832593100203,0.21098817048053753,0.7790669042197405,0.06876451524569416,0.20791133032775105,0.4318678044913042,0.551987623249014,-0.3233726706041342,0.21264788739637858,0.9949342152256087,0.08337156568820436,0.21959556748802098,0.48617710121005536,0.603212539306979,-0.35998325931002073,0.23159845223914716,0.0785213297386218,0.45667676416863384,-0.3233726706041342,0.057773487060736484,0.40129934817540036,-0.2676968805495129,0.0017596155599388652,0.09652077937795674,-0.35998325931002073,0.15931653469247364,0.7265308561511189,-0.28220840819862614,0.07795425633010249,8.590059918638914,209,-0.0379730428406333,-0.03441449844776501,-0.004556769059443355,-0.004556769059442689,4,0.0017596155599388652,0.4289880561720171
monthly_current_top3_none_10bp,monthly,current,3,none,10.0,3.5996343157553703,0.09219600444287712,0.21863035382145676,0.5244071282137728,0.6808986287512837,-0.3916075621594409,0.23542958142708187,0.8031761702472584,0.07042654476136256,0.21561756452012618,0.4314312924394003,0.574567314700234,-0.36553359631524296,0.19266777519575903,1.5508513209359114,0.11469514858455909,0.22162164426580752,0.6158390822562619,0.7808635015573113,-0.3916075621594409,0.2928828747639495,0.081641528875261,0.4669507739948447,-0.36553359631524296,0.05776903404773681,0.38620532007005653,-0.3004644903344401,0.03063092401727907,0.25928858791828263,-0.3916075621594409,0.19302899206004387,0.8589091576733671,-0.2977313372475153,0.0,12.493381348066364,209,-0.02215668016526373,-0.0034574441828871816,-0.036560030070987515,-0.03656003007098885,4,0.03063092401727907,0.4265780470324506
monthly_current_top3_ma200_r12_0bp,monthly,current,3,ma200_r12,0.0,2.9522441490652005,0.08266282671750269,0.1943076108945878,0.5178105379866333,0.6130667276011644,-0.38460431172221243,0.21492953718419944,0.6419565044510962,0.05891524711789553,0.18274126824678982,0.4125754121537972,0.4775121202057951,-0.38460431172221243,0.15318405260221876,1.4070334009160796,0.10721958640412588,0.20531123284455838,0.6140595756456487,0.7446097556738682,-0.3063298909538634,0.3500134644721115,0.059635878746957305,0.4040711046778806,-0.38460431172221243,0.05836259359577811,0.425803523995477,-0.26954329768137597,0.00934497449175109,0.13973349949893843,-0.3063298909538634,0.19953797615501956,0.9024619419880633,-0.2646953493859281,0.21038226373203395,9.920377028587554,209,-0.03211737847473528,-0.011299643721930153,-0.02993595134634275,0.04833846942200504,4,0.00934497449175109,0.4149373143366788
bimonthly_current_top3_none_20bp,bimonthly,current,3,none,20.0,3.9758023581307835,0.09767085902282013,0.2169946305693429,0.5499886783514292,0.7244571958178952,-0.3630323062139834,0.2690417831994535,0.6961944677514145,0.06353705617204475,0.21082063354018776,0.40442956863264484,0.5530792680801973,-0.33165120365271705,0.19157794536026018,1.9335093662503429,0.1329081238394556,0.22298266490662638,0.688212051920836,0.8770031449257937,-0.36303230621398297,0.3661054996056336,0.061598139635189675,0.38857633366697236,-0.33165120365271705,0.06609026498422277,0.42496203397466564,-0.2822568101606232,0.03597583795716841,0.28504665114702554,-0.36303230621398297,0.22416922356121893,0.969011743962141,-0.2771513117728529,0.0,6.988035715385759,105,-0.010724721734827858,0.015631803069014794,-0.006163545976782481,-0.006163545976782037,4,0.03597583795716841,0.406769183820819
monthly_current_top1_ma200_r12_0bp,monthly,current,1,ma200_r12,0.0,2.6507446123140137,0.07770911169774108,0.2464542675424159,0.43550543983686457,0.547027778373236,-0.3923445107107283,0.19806346100515534,0.3733782818204656,0.03730483875854418,0.2263245176988298,0.2788771866281063,0.3467707193433293,-0.3923445107107283,0.09508184195304994,1.6582221814916198,0.12003699977582705,0.2651999434495833,0.573025425088677,0.7318358506114027,-0.29862264335254085,0.40196884746652184,0.028292188598200374,0.23887454614670106,-0.3923445107107283,0.0481600103155535,0.33180424597182984,-0.33384680179828463,0.07465741870269405,0.47375791062821543,-0.22714078780402047,0.16108098560092787,0.648227916417417,-0.2986226433525412,0.14585296889726673,14.310084825636192,209,-0.03707109349449689,0.001517769649771017,-0.037676150334858605,0.05604571702332761,4,0.028292188598200374,0.40278107830002263
monthly_current_top3_ma200_0bp,monthly,current,3,ma200,0.0,3.257234204496241,0.08732404697451246,0.208207911001986,0.5179126081997185,0.649383120279249,-0.3744011112238852,0.23323661270410662,0.6436656927978543,0.05904243430601741,0.20253001476600926,0.3917677694208271,0.4906052807939389,-0.3744011112238852,0.15769834152738688,1.5900852120661715,0.11666974218337312,0.21377140344513879,0.6389631642152178,0.8029856156016483,-0.33831943065494663,0.3448508468978983,0.05679098329143484,0.3703884068604739,-0.3744011112238852,0.061982378874847255,0.4232881247629745,-0.30180488745245615,0.019740090518286735,0.20405899570901687,-0.33831943065494663,0.20798551244247365,0.9109205931617165,-0.291605268098478,0.09245991774552133,11.423635658013604,209,-0.027456158217725513,-0.0018494879426829147,-0.019732750848015512,0.016348929720921834,4,0.019740090518286735,0.3968382658117242
monthly_current_top3_ma200_r12_10bp,monthly,current,3,ma200_r12,10.0,2.3438390341873125,0.07225373150216141,0.19437103764706234,0.4666312129414127,0.5525298900742104,-0.3960278349363163,0.18244609375444595,0.5137739980136022,0.049025689352158786,0.18284027444519493,0.35990483294409986,0.41647508957625423,-0.3960278349363163,0.12379354436044228,1.2089420472112478,0.09624844825994128,0.20534321206215367,0.5640791815971598,0.6842133386221044,-0.3128143019190146,0.30768557469875313,0.051676020910466525,0.3640099055700545,-0.3960278349363163,0.04616722914133442,0.3561265271435113,-0.2748842626323964,0.0012048479783757227,0.0867884417757579,-0.3128143019190146,0.18571365358010072,0.8524901116766966,-0.2671783893101748,0.21038226373203395,9.920377028587554,209,-0.04209895310597944,-0.021904144507504997,-0.040980302847862915,0.042233230169437475,4,0.0012048479783757227,0.3600682163567829
monthly_current_top3_ma200_10bp,monthly,current,3,ma200,10.0,2.511759602368932,0.0752943444253753,0.2082534840639992,0.4629485197510847,0.5802657129166586,-0.39254503368315297,0.19181071715239165,0.49034338717622905,0.04713833079975127,0.20260478832898254,0.3345693129207979,0.4186013633860749,-0.39254503368315297,0.1200838802046837,1.3563425936506541,0.10449036755629959,0.21378893444868838,0.5861248747505666,0.7366394827935014,-0.34711220485115346,0.3010276391782493,0.04645527084455292,0.3237190149168243,-0.39254503368315297,0.04817252316799503,0.35147498705145575,-0.31058399966268346,0.010326904402790937,0.14708680341315566,-0.34711220485115346,0.19302899206004387,0.8589091576733671,-0.2977313372475153,0.09245991774552133,11.423635658013604,209,-0.03905834018276555,-0.013662225211146684,-0.037497501594699556,0.007935327237298617,4,0.010326904402790937,0.33759700098414
