variant,extra_execution_delay_nav_days,core_share,cost_bps,full_total_return,full_cagr,full_volatility,full_sharpe,full_sortino,full_max_drawdown,full_calmar,pre2018_total_return,pre2018_cagr,pre2018_volatility,pre2018_sharpe,pre2018_sortino,pre2018_max_drawdown,pre2018_calmar,holdout_total_return,holdout_cagr,holdout_volatility,holdout_sharpe,holdout_sortino,holdout_max_drawdown,holdout_calmar,2009_2013_cagr,2009_2013_sharpe,2009_2013_max_drawdown,2014_2017_cagr,2014_2017_sharpe,2014_2017_max_drawdown,2018_2021_cagr,2018_2021_sharpe,2018_2021_max_drawdown,2022_2026_cagr,2022_2026_sharpe,2022_2026_max_drawdown,rolling3y_positive_alpha_share,rolling3y_median_ann_alpha,rolling3y_worst_ann_alpha,cash_exposure_mean_weight,annualized_turnover,full_cagr_alpha_vs_same_delay_ew,holdout_cagr_alpha_vs_same_delay_ew,full_mdd_improvement_vs_same_delay_ew,holdout_mdd_improvement_vs_same_delay_ew,positive_era_count,worst_era_cagr
delay0_core025_10bp,0,0.25,10.0,5.467008963296717,0.11391681404663068,0.19208667444752084,0.6738268670738532,0.8506885660864402,-0.299745336176403,0.38004532614175374,1.340290396286608,0.10313394308050161,0.1846433469364281,0.6370663764927743,0.8114019280522288,-0.26449098269696547,0.38993368329182315,1.7633361114321904,0.12508488451611055,0.19931595077208636,0.7091656603476533,0.8908664711910522,-0.29974533617640176,0.4173038557053559,0.1243980439282304,0.7110854529263768,-0.26449098269696547,0.07921854518798188,0.5411862441002173,-0.24576193840337224,0.025537795462453827,0.24133261928308386,-0.29974533617640176,0.21904615400012073,1.0127514463684513,-0.26553721302983535,0.4832330180567498,-0.0007597362465844488,-0.04345154953698131,0.11812832469612242,4.165609983603311,-0.00043587056151017656,0.0069322917486642766,0.055302195912050545,0.05530219591205032,4,0.025537795462453827
delay1_core025_10bp,1,0.25,10.0,5.436390318982268,0.11372521682277759,0.192815818000591,0.6706815019892751,0.8464689995903357,-0.3069465121589524,0.3705049978345573,1.2518660665007961,0.0984355860168944,0.18532898644665055,0.61106120972984,0.7766467869964339,-0.2978436780151543,0.33049412588803034,1.858247395229812,0.1294990231650086,0.20008107828770125,0.727371255660357,0.9147627581061771,-0.3069465121589515,0.42189442797104615,0.11512960011909623,0.6656577759735776,-0.2978436780151543,0.07973136074633347,0.541295359824344,-0.24051616722977598,0.020657705587946662,0.21078409683762264,-0.3069465121589515,0.23304096282264442,1.062101047975507,-0.266374474321457,0.5530389908256881,0.0018420239731296929,-0.04961576402720885,0.11805046742488642,4.1592733942641535,0.0020200500579226066,0.01160295130815081,0.048760801498916484,0.04876080149891637,4,0.020657705587946662
delay2_core025_10bp,2,0.25,10.0,5.472396041230562,0.11410374246745358,0.19338897847743303,0.6711133808846297,0.8470257977016271,-0.3052446156526698,0.3738108278289481,1.2432639724194496,0.09798195859755232,0.18635808362606518,0.6065227242626602,0.771173791624969,-0.29221900047003047,0.33530317481050037,1.8852583203794184,0.13073155452307383,0.20022426749911215,0.7325997708564143,0.9207354202981227,-0.305244615652669,0.42828455546560834,0.12233101242537914,0.6957220438242587,-0.29221900047003047,0.07069400516152458,0.4904632081463667,-0.2458641496779973,0.023381002693071418,0.22738672815713637,-0.305244615652669,0.23271670092867458,1.061252487351211,-0.2659262656699839,0.5394321766561514,0.0018353618559162452,-0.05904480439582589,0.11801908833738026,4.166421429152499,0.003019046181164553,0.012380226661261595,0.05023897569267921,0.05023897569268099,4,0.023381002693071418
delay3_core025_10bp,3,0.25,10.0,5.099116531230082,0.1103365470069082,0.19399728968235025,0.6515526662740806,0.8222152444279595,-0.30714953470368955,0.35922745939807804,1.110357276969487,0.09034051741076654,0.18681281408961875,0.5670341745062387,0.7208106492215135,-0.30714953470368955,0.29412552259901353,1.8900871894016649,0.13095082433285876,0.20097145444457315,0.7316184424366061,0.919278611126068,-0.2999790324707151,0.4365332578557556,0.1195290929763626,0.6814807672978108,-0.30714953470368955,0.05771066820076465,0.4173920975838946,-0.25010604446275464,0.023513607223691224,0.2280803734361483,-0.2999790324707151,0.2330248348847237,1.05859680095864,-0.2658084142389251,0.49368904188181295,-0.0002606650883755572,-0.06643678692616262,0.11813098355181804,4.173868846938514,-0.00011871802018159627,0.012563882505717272,0.048564703298217604,0.05573520553119282,4,0.023513607223691224
delay5_core025_10bp,5,0.25,10.0,4.5745018130578945,0.10460579753763266,0.19541090906177744,0.6211755170076719,0.7776544260265,-0.3390621296493407,0.30851513156546373,1.0908480913860243,0.08922747342813842,0.1875725072282038,0.5600958633307429,0.7075730900872013,-0.31203261043311836,0.28595560350017835,1.6661438657470957,0.1204235152666373,0.20299404970519683,0.6789672439191718,0.8452820036987008,-0.33906212964934135,0.35516651591606385,0.12002553105751601,0.6817314731335591,-0.31203261043311836,0.05486344591708048,0.400870330720448,-0.25293132477089575,0.0011157358050988275,0.09027506022491617,-0.33906212964934135,0.2350393363970471,1.0593595727392902,-0.2659918866881079,0.35533869115958666,-0.008085882754171225,-0.06713074262601931,0.11813266094382635,4.181653487195121,-0.0067177081606564215,0.0019104942015386595,0.0159809221785554,0.015980922178553847,4,0.0011157358050988275
delay0_core050_10bp,0,0.5,10.0,5.567229194183004,0.11490725185821304,0.18582697091693284,0.6949639091976955,0.8967443847216737,-0.3130126085118141,0.36710103278116374,1.40403671951871,0.10656156164074271,0.1835693678766936,0.6570446638571565,0.8575882469468765,-0.25885874933961805,0.41165910718720133,1.7317507843631472,0.12358616234698117,0.18807691248689126,0.7324321477763703,0.935099860660354,-0.313012608511812,0.39482806438551965,0.1238990762576806,0.7222329973810843,-0.25885874933961805,0.08709968094902276,0.575201795413538,-0.24020654548149012,0.022514419321449042,0.22268839133881876,-0.313012608511812,0.21911822616437648,1.083182470116977,-0.24884079685876148,0.5070220693608484,0.00019705656092714152,-0.028598757597826086,0.0787117004463893,2.9039115251835494,0.000554567250072191,0.0054335695795348915,0.042034923576639405,0.04203492357664007,4,0.022514419321449042
delay1_core050_10bp,1,0.5,10.0,5.443883701964528,0.11380018227890476,0.18630446236870668,0.6877604574226872,0.8862702062073501,-0.3184043858531639,0.35740770961422974,1.308843847624951,0.10161469988408767,0.1838818024170831,0.6305170421543402,0.8208144177449606,-0.28091324515407856,0.3617298281124226,1.7909569149049327,0.12638312905338345,0.18871422978867802,0.744166237037585,0.9499702465708956,-0.3184043858531649,0.3969264704527851,0.11434598545051888,0.675170775789452,-0.28091324515407856,0.08742777752011688,0.5750244901611695,-0.236538935983456,0.01909787034328425,0.2012387372182818,-0.3184043858531649,0.22832305945710374,1.1176971157220967,-0.24959411276487553,0.5802752293577982,0.001840255212251547,-0.03285466457971016,0.07862208611102468,2.8993193269810726,0.0020950155140497806,0.00848705719652565,0.03730292780470501,0.03730292780470301,4,0.01909787034328425
delay2_core050_10bp,2,0.5,10.0,5.4517302644525305,0.11389762215266441,0.18674655810074992,0.6870953987557472,0.8855463808672703,-0.3174852067076218,0.35874938342420126,1.2936500764972259,0.10080727499014186,0.1846662116802088,0.6246403391526086,0.8133219661707838,-0.277349015353473,0.36346721787227554,1.8128659774926823,0.12740485473075513,0.1888178453750642,0.7487952957802595,0.9558887052307171,-0.3174852067076209,0.4012938305125034,0.11807381773376568,0.690468813748254,-0.277349015353473,0.08147875916607417,0.5421903694578974,-0.24021082524842174,0.021096665572205353,0.21355217466959595,-0.3174852067076209,0.22832532321869303,1.117825151657683,-0.24880889046838217,0.561227416117006,0.0019560478319794886,-0.03926879650614662,0.07859104937084939,2.9063415255072016,0.002812925866375382,0.009053526868942896,0.0379983846377272,0.03799838463772909,4,0.021096665572205353
delay3_core050_10bp,3,0.5,10.0,5.174867202673644,0.11113015697216677,0.18714105507185763,0.6722505464362943,0.8660039622977804,-0.3140468094611055,0.35386494504708593,1.1931216245535734,0.09520868561924534,0.18496650331535758,0.5954874449021226,0.7746370303879426,-0.28742542349640554,0.33124656984435474,1.8155607666905338,0.127530039499264,0.18930262764028982,0.7479673108908381,0.9548184630475727,-0.31404680946110486,0.40608608544089914,0.11529370692008278,0.6761556791210103,-0.28742542349640554,0.07271839894963872,0.49429514650316364,-0.24399562536560226,0.021173600724523567,0.21395981668527878,-0.31404680946110486,0.22849991285090243,1.1155982369195325,-0.24859874325901798,0.5129087779690189,0.0005020963572166475,-0.04418403726032264,0.07874971019809329,2.91007552524613,0.0006748919450769719,0.009143097672122513,0.04166742854080163,0.041667428540803075,4,0.021173600724523567
delay5_core050_10bp,5,0.5,10.0,4.8418790532802936,0.10760634470343611,0.18822686853974258,0.6522450158344827,0.8346047279574923,-0.3404880584622504,0.31603559076174276,1.1898339112085305,0.09508149729093573,0.18552085413593045,0.5937923422126757,0.7689821819249153,-0.29150217185030025,0.32617766340267423,1.6677270012940277,0.1205006380054836,0.19091000092529822,0.7095949103460383,0.8980592527900843,-0.3404880584622506,0.3539056216823044,0.11668295189783295,0.6812934363489962,-0.29150217185030025,0.07092144550071011,0.48398062041786244,-0.2526434239794967,0.006103394013937002,0.12067411955402048,-0.3404880584622506,0.22991743759739203,1.1155707473597727,-0.24886860716556802,0.36739380022962115,-0.004804533536089643,-0.044610312603167175,0.07871132252988536,2.916703819642933,-0.003717160994852975,0.001987616940384962,0.014554993365645696,0.014554993365644586,4,0.006103394013937002
delay0_core075_10bp,0,0.75,10.0,5.583889248015509,0.11507051480169483,0.18444379075872522,0.6995086705384378,0.9176167143211106,-0.3308810904726378,0.34776999385889834,1.4529522091358755,0.10913763561335776,0.1875351443088188,0.659784890110113,0.8746687937501595,-0.2580948064671561,0.42285870493580074,1.684067477341877,0.12129431202893803,0.18126907940633238,0.7412034945126237,0.9618726562842632,-0.3308810904726368,0.366579763913613,0.12233719025897849,0.7130015549734033,-0.2568599165758517,0.09440154867963857,0.5949909964748553,-0.2580948064671561,0.01871429516560741,0.19794256409905941,-0.3308810904726368,0.21838900471614942,1.149176048295274,-0.232733764861366,0.5333906563485239,0.0004868238588516071,-0.01414429824800253,0.03934136156422066,1.6310054949753878,0.000717830193553981,0.00314171926149176,0.024166441615815715,0.02416644161581527,4,0.01871429516560741
delay1_core075_10bp,1,0.75,10.0,5.378482979008451,0.1131431103472289,0.18459824980243292,0.6890270210202243,0.9022262609488263,-0.33314492548368135,0.3396212929942139,1.3539383564303433,0.10408196475512743,0.1874484821544868,0.6342741942166306,0.8383739791931869,-0.267282431922505,0.38940817773352426,1.7097068882811248,0.12253107713601863,0.18167553595894773,0.7462055482034871,0.9678259060372807,-0.333144925483682,0.3678011212631255,0.11271371216971082,0.6667530092993701,-0.267282431922505,0.09460158561779086,0.5950160530109908,-0.25287190157328376,0.016800427164376908,0.18629886852105265,-0.333144925483682,0.22287726227389992,1.1665301795716398,-0.23334193844484818,0.6115252293577982,0.0012574849598237584,-0.01629553839129978,0.03927692146049944,1.6286090371283761,0.001437943582373924,0.004635005279160831,0.022562388174187542,0.022562388174185877,4,0.016800427164376908
delay2_core075_10bp,2,0.75,10.0,5.353252412808886,0.11290677968912322,0.1848557622768198,0.6871837899393631,0.90002505156021,-0.33345092926463904,0.3386008848081998,1.3309473582971578,0.10286352016889344,0.1878967416721479,0.6272784188794405,0.8291256207412774,-0.26577339749812157,0.38703467366262817,1.7256095639372044,0.12329298418361945,0.18173547806713397,0.7498498313449068,0.9730587369584284,-0.3334509292646398,0.3697485097897846,0.11296756961684995,0.6667049983089615,-0.26577339749812157,0.09169360604565124,0.5795572630849056,-0.2549003675589765,0.01803875843989622,0.19377609540324559,-0.3334509292646398,0.22314167996587786,1.1675661960968404,-0.23228456969682731,0.5856036707771723,0.0013606387475944225,-0.01956642990149772,0.03925593911242485,1.6342989762235034,0.0018220834028341848,0.0049416563218072085,0.022032662080709975,0.022032662080710197,4,0.01803875843989622
delay3_core075_10bp,3,0.75,10.0,5.18016397329141,0.11118530549954642,0.1850229790956932,0.6779971610089705,0.887796390543386,-0.33296979547916694,0.3339200942822545,1.266358196391185,0.09938280200688254,0.18803073786177857,0.609521141688851,0.8054078341034555,-0.270618837394896,0.3672427350719117,1.7269140346536398,0.12335530764264235,0.18193810010785794,0.7495330739729674,0.9725288094847505,-0.3329697954791663,0.3704699624935218,0.11035395523301994,0.6534702939507661,-0.270618837394896,0.08722488837313391,0.5563565448691619,-0.2602305250072148,0.01814376914985938,0.19439503924587026,-0.3329697954791663,0.2231594857891659,1.166190279769395,-0.23203251640883427,0.5283993115318416,0.0005897981153672176,-0.022013946635346955,0.0393768831822205,1.6359639294062407,0.0007300404724566167,0.004968365815500864,0.022744442522740216,0.02274444252274166,4,0.01814376914985938
delay5_core075_10bp,5,0.75,10.0,5.050708831937921,0.10986118798085798,0.18562965561514094,0.6698996323165952,0.8734423722537491,-0.34587674873627483,0.3176310300772061,1.2790288408245925,0.10015942204120143,0.18832854522237738,0.6128561976804261,0.8077225678151759,-0.27388862408626924,0.3656939837327938,1.6549505313625805,0.11987707196093766,0.18286959467859332,0.7292170053427416,0.9404735668389788,-0.3458767487362757,0.34658898696986884,0.11242664287613335,0.6628277115293738,-0.27388862408626924,0.08654432934553569,0.5524430170681677,-0.2643447246789219,0.010544880959119984,0.1484950005259095,-0.3458767487362757,0.22398470627553935,1.1662709815469936,-0.23227884170024127,0.37973593570608494,-0.0021016394770257624,-0.022208516467407926,0.03933737527723176,1.6414516340939196,-0.0014623177174311053,0.0013640508958390196,0.009166303091621253,0.009166303091619477,4,0.010544880959119984
delay0_core025_20bp,0,0.25,20.0,5.028499106144873,0.10940575151773735,0.1920614135690687,0.6521752799157648,0.8232358077985674,-0.30300756880783986,0.3610660682443872,1.257397628924763,0.09855112600716631,0.18462101216346988,0.6140270837503559,0.781916953835799,-0.2693058263021665,0.3659450200553403,1.670552599550816,0.12063818704660201,0.1992878732627613,0.688781280272063,0.865167895553257,-0.3030075688078402,0.398135886576179,0.12093545998520883,0.6949576270190669,-0.2693058263021665,0.07335475007332337,0.5087349183304601,-0.24732881180787958,0.022130693755479713,0.2202416746097539,-0.3030075688078402,0.2135521351526466,0.9922178108517319,-0.26556229442629864,0.408999713384924,-0.004685444387437701,-0.04762347196098703,0.11812832469612242,4.165609983603311,-0.004519500608338056,0.0028521229106326373,0.05241892144273741,0.052418921442737854,4,0.022130693755479713
delay1_core025_20bp,1,0.25,20.0,5.000696476427237,0.10921856462285473,0.1928188433779029,0.6490774761931581,0.8191184552723484,-0.31017323000290875,0.352121182804301,1.1721881231593034,0.09386846102766877,0.18532179191392856,0.5880844614377699,0.7473939424185806,-0.30245236993475966,0.3103578293928284,1.7625123314363917,0.1250459889833262,0.20009359504404398,0.7070158067432086,0.8890561777676758,-0.3101732300029082,0.4031488758141822,0.11168924317885787,0.6496301039675705,-0.30245236993475966,0.07386852715171699,0.5089602770668695,-0.2420916694357087,0.017267253018536932,0.1897719567821891,-0.3101732300029082,0.22750602410413157,1.0418021661680699,-0.26639766957936883,0.4455275229357798,-0.002077152015840812,-0.05376354195651471,0.11805046742488642,4.1592733942641535,-0.0020621512487974947,0.007513711949329371,0.04589661875172579,0.045896618751728235,4,0.017267253018536932
delay2_core025_20bp,2,0.25,20.0,5.03363718201658,0.10958816749894984,0.19343518919531935,0.6494339494905406,0.819812793039281,-0.30849319828400934,0.3552369002251364,1.1638120878979845,0.09341069853391559,0.18643312658353725,0.5834633892976697,0.7419491141597349,-0.29666188333681587,0.3148726000227724,1.7884293722926339,0.12626480172033028,0.2002434072302271,0.7122003852696023,0.8952828315174447,-0.3084931982840088,0.4092952532589935,0.11886049132572607,0.6795349452846101,-0.29666188333681587,0.06487712469382223,0.45810824998501565,-0.24742081280486028,0.019967905290785515,0.20637600213664295,-0.3084931982840088,0.2271793185160973,1.0406968243824493,-0.2659557344547815,0.45397189561227413,-0.0019389171562376622,-0.06315411023135603,0.11801908833738026,4.166421429152499,-0.0010703929080131402,0.008282041720917732,0.04735116346819779,0.04735116346819912,4,0.019967905290785515
delay3_core025_20bp,3,0.25,20.0,4.685043388682291,0.10582714067488608,0.194037950743071,0.6299197628737114,0.795051538589831,-0.311505351123886,0.3397281629129976,1.0356427116531277,0.08579861748380524,0.18687280231209455,0.5440738039052349,0.6920353537452839,-0.311505351123886,0.2754322427343569,1.7927510835462424,0.12646706588322543,0.200993987440707,0.7112130239505539,0.8934305049276584,-0.30327736039109066,0.41700134068741596,0.11606252912517556,0.6654246782192321,-0.311505351123886,0.051966670913542456,0.38517212036587045,-0.25165343282553454,0.020091703004032624,0.20705070445862594,-0.30327736039109066,0.22746194586548407,1.0380841023673981,-0.2658084142389249,0.4202524383247275,-0.003946610973918122,-0.07050129710222028,0.11813098355181804,4.173868846938514,-0.004201836837868678,0.008451772658226053,0.04457513750244457,0.052803128235240915,4,0.020091703004032624
delay5_core025_20bp,5,0.25,20.0,4.19553584688952,0.1001120024223936,0.19540353657402224,0.599766686483215,0.7510829920680898,-0.3421788431023003,0.2925721576318013,1.0168191280206704,0.08468701938991985,0.18757875827812642,0.5373101162302453,0.6792649690448875,-0.31634046193940135,0.2677084647051651,1.5761040118597545,0.11596913700074762,0.20297393366755107,0.6588118710953421,0.8201148198407039,-0.34217884310230007,0.3389138146278574,0.1165533395724474,0.6660439708407743,-0.31634046193940135,0.04913424145458456,0.368690611361662,-0.25448682592966965,-0.0022422844194512903,0.0695087378480001,-0.34217884310230007,0.22945365381066418,1.03933409765605,-0.26600716905461774,0.3010907003444317,-0.0119262732350234,-0.07120058294748677,0.11813266094382635,4.181653487195121,-0.010781973780114695,-0.0021676669002550497,0.013252521691463293,0.013252521691463626,3,-0.0022422844194512903
delay0_core050_20bp,0,0.5,20.0,5.2536027975937785,0.11175869910506164,0.18580871556114337,0.6793709513386486,0.8763531162098556,-0.3152336434368911,0.3545265596863091,1.3440437970062589,0.10333803664927377,0.18355267727042013,0.6408092188861328,0.8360312947674655,-0.26226832095142505,0.3940164647960403,1.667869433830833,0.12050757464865836,0.18805708286649855,0.7174703528453908,0.9158257258238292,-0.31523364343688975,0.38228018220010884,0.12138535971943032,0.7102188429045627,-0.26226832095142505,0.08305580295905579,0.5535279768890294,-0.24223897726608845,0.020151602528838408,0.20798830478314745,-0.31523364343688975,0.21531715630993098,1.0677375673727634,-0.248867610280761,0.4287761536256807,-0.0024268602592060107,-0.03142056612510915,0.0787117004463893,2.9039115251835494,-0.002166553021013762,0.002721510512688985,0.04019284681368618,0.04019284681368829,4,0.020151602528838408
delay1_core050_20bp,1,0.5,20.0,5.136693164445084,0.11065748089742633,0.18630815760592226,0.672174230951793,0.8661185051163932,-0.32059808475345886,0.3451595195352535,1.251298226175153,0.098403546585768,0.18388131915341005,0.6142814960145808,0.7996972682305103,-0.28423764778252514,0.346201663831169,1.72584639968869,0.12330430140091164,0.18872198972359702,0.7292135741821821,0.9307130445837588,-0.32059808475345775,0.3846071054845307,0.11185017082060789,0.6632040045304424,-0.28423764778252514,0.08338528734736972,0.5533473663293021,-0.23762826230528766,0.016745915398865163,0.18659661760073631,-0.32059808475345775,0.22450530222805742,1.1024040999423328,-0.24962501620511868,0.47190366972477066,-0.0007224341430538956,-0.03566510009330495,0.07862208611102468,2.8993193269810726,-0.0006232349742258947,0.005772024366914819,0.03547176400117569,0.035471764001178685,4,0.016745915398865163
delay2_core050_20bp,2,0.5,20.0,5.143509468415333,0.1107472848340827,0.1867755282341495,0.6714427215623219,0.8654520923492721,-0.3197011661793624,0.34640876089876377,1.236425622732665,0.0975941942609706,0.1847104552880326,0.6083469991602738,0.7921168657106754,-0.2805378719525442,0.3478824216556388,1.7470215892575265,0.12431266333971958,0.18883171005758484,0.7337815868185383,0.9368802111373356,-0.31970116617936317,0.38884019356368554,0.11556470566483523,0.6783908729555522,-0.2805378719525442,0.07745533710267427,0.5205046074434581,-0.24128882748154656,0.018725472296468704,0.19885679761307715,-0.31970116617936317,0.22450124158890583,1.10229746178395,-0.24885744929308296,0.48379696013765416,-0.0005691180694365548,-0.042060856735657286,0.07859104937084939,2.9063415255072016,8.872442711971296e-05,0.00632990334030703,0.03614319557284473,0.03614319557284473,4,0.018725472296468704
delay3_core050_20bp,3,0.5,20.0,4.879571443940665,0.10798286445085226,0.18715955124121766,0.6566391143727713,0.8459044828184538,-0.3162884330914042,0.3414063024544634,1.138483784042553,0.09201355355748819,0.18499931097366293,0.5792674266761823,0.753761686898359,-0.2905590635287588,0.3166776229246104,1.7494112828043118,0.12442602859563623,0.18930698166013477,0.7329635720502685,0.9354042493461504,-0.3162884330914053,0.393394179418752,0.1127902577391231,0.6641869894901946,-0.2905590635287588,0.0687331202043322,0.4726721687435555,-0.24600700310029,0.018793227687772696,0.19922462955881723,-0.3162884330914053,0.22466130391340378,1.1001732328771254,-0.24859874325901787,0.44176706827309237,-0.0019901789103864836,-0.04694963474781976,0.07874971019809329,2.91007552524613,-0.002046113061902499,0.006410735370636855,0.039792055534926374,0.03979205553492626,4,0.018793227687772696
delay5_core050_20bp,5,0.5,20.0,4.562015123288342,0.10446237883795262,0.1882205440496128,0.6367506789393106,0.8147205271540742,-0.3426528710779466,0.3048635737658522,1.1352211718794716,0.09188134599329834,0.18552495267595842,0.5776511475530798,0.7480533105192726,-0.29460353995772603,0.3118813372252173,1.6048894590121359,0.11740795569554896,0.19089343566431924,0.6947356731308609,0.8791442389985124,-0.3426528710779464,0.34264401557820623,0.11417000750081807,0.6695424137241043,-0.29460353995772603,0.06693951805797105,0.4623214214361158,-0.25464101643674397,0.0037518073150715203,0.106090962709733,-0.3426528710779464,0.22606466032976158,1.1004667662484717,-0.2488881615583426,0.31630309988518945,-0.007309959603850166,-0.047381681661189126,0.07871132252988536,2.916703819642933,-0.0064315973645556745,-0.0007288482054537138,0.012778493715816963,0.012778493715817296,4,0.0037518073150715203
delay0_core075_20bp,0,0.75,20.0,5.405446786208073,0.11330122378074936,0.18443468065937366,0.6906849352662574,0.9059287531353111,-0.33265034166768204,0.34060155541321335,1.4178927999407587,0.10729594720477809,0.18752682006115678,0.6507292023756883,0.8625361553889884,-0.25918183238666603,0.41397942987263975,1.6491855992809294,0.11959484078007554,0.1812591293466527,0.7326199970189419,0.9506376612164515,-0.3326503416676797,0.3595211722330101,0.12078721654143632,0.7056089328659173,-0.25881478714071526,0.0922170378014624,0.5838874636877783,-0.25918183238666637,0.01740318554192366,0.18999819926922593,-0.3326503416676797,0.21629685215828998,1.1400126819688567,-0.23276219402788623,0.4488392089423904,-0.0008128804720800671,-0.015508486832997223,0.03934136156422066,1.6310054949753878,-0.0006240283453260442,0.0018087766441061692,0.022776148582895228,0.022776148582898337,4,0.01740318554192366
delay1_core075_20bp,1,0.75,20.0,5.205898194933665,0.11137821077745369,0.18460173870357466,0.6801893349507349,0.8906721635317069,-0.33489569743321357,0.3325758187731428,1.320347311468908,0.1022481130038082,0.18745141396634357,0.625196961077727,0.8264230415594214,-0.2692286590580444,0.37978168208966195,1.6745557289029245,0.12083283775664344,0.18167957965476472,0.7376146106406285,0.956664892482513,-0.3348956974332129,0.36080737579717853,0.11117447680146086,0.6593628262371561,-0.2692286590580444,0.09241966756956232,0.583883702763646,-0.25396584551761203,0.01549669025184719,0.1783961241683995,-0.3348956974332129,0.22077862490385058,1.1574120220837085,-0.23337961733312873,0.5008600917431193,1.2901458980574434e-05,-0.01770834148218118,0.03927692146049944,1.6286090371283761,9.749490580146514e-05,0.003300560722646617,0.021174151321420975,0.02117415132142353,4,0.01549669025184719
delay2_core075_20bp,2,0.75,20.0,5.180797964702799,0.11113623090599978,0.18487027230022485,0.6782983750415955,0.8884059793819197,-0.33520461799325474,0.33154743383707247,1.2976353892523709,0.10102839536733565,0.18791660347955635,0.6181665525177462,0.8171398427812279,-0.26762852523111536,0.3774948701006023,1.6900691004389365,0.12158474487016147,0.18174438450545025,0.7412022449406673,0.9618083519683629,-0.3352046179932546,0.36271798878560835,0.11142534531143622,0.6592570854527843,-0.26762852523111536,0.08951362479551928,0.5684136935158617,-0.25599386787541334,0.016719506030658637,0.18579684773038954,-0.3352046179932546,0.22103904457889678,1.158290738030806,-0.23234254459560466,0.5093203326641812,0.00012417251775981715,-0.020973734069771932,0.03925593911242485,1.6342989762235034,0.0004776704990367975,0.00360198487074892,0.02063974375895239,0.020639743758953277,4,0.016719506030658637
delay3_core075_20bp,3,0.75,20.0,5.012278457322437,0.10941527321304201,0.18502618395421466,0.6691407304511605,0.8762213684446426,-0.3347305768217369,0.32687564503947864,1.2340639658478665,0.09755711738689676,0.1880430574414191,0.6004563350551186,0.7935314400510909,-0.2724523053016751,0.3580704420132391,1.6911845628559155,0.1216386616172811,0.18193178059434806,0.7408995729046606,0.9612611170840334,-0.33473057682173646,0.363392740430943,0.10881689261507854,0.6460909650197433,-0.2724523053016751,0.0850605273121372,0.5452435844425135,-0.26129929017412257,0.016816948835266743,0.18637459811929766,-0.33473057682173646,0.22104763743754074,1.1570364376650257,-0.23203251640883438,0.463855421686747,-0.0006325331554027393,-0.02340840626550267,0.0393768831822205,1.6359639294062407,-0.0006137042997127473,0.003623368392281723,0.02134991180459367,0.021349911804595112,4,0.016816948835266743
delay5_core075_20bp,5,0.75,20.0,4.885872736414184,0.10808761149995427,0.18562548760507155,0.661062135749107,0.8618986196150601,-0.3476319430892073,0.3109254303256518,1.2464809304195263,0.09832714632789119,0.18833034207776927,0.6038005468697583,0.7957547885310808,-0.2756880587973325,0.35666088243660476,1.6200412639670252,0.11815966948688517,0.1828592149218132,0.7206084268734859,0.9293917092564288,-0.3476319430892071,0.3398987689015787,0.11088255599650809,0.6555339523875071,-0.2756880587973325,0.08437510495799816,0.541265763555642,-0.2654211255899839,0.009222664904064093,0.14050291308291082,-0.3476319430892071,0.2218645890259947,1.1572375040196023,-0.23227884170024127,0.32950631458094143,-0.0033569072640509366,-0.023607126281777642,0.03933737527723176,1.6414516340939196,-0.0028063647025540206,2.2865585882492212e-05,0.007799421704556275,0.007799421704556608,4,0.009222664904064093
