variant,offset_trade_days_before_month_end,core_share,cost_bps,full_total_return,full_cagr,full_volatility,full_sharpe,full_sortino,full_max_drawdown,full_calmar,pre2018_total_return,pre2018_cagr,pre2018_volatility,pre2018_sharpe,pre2018_sortino,pre2018_max_drawdown,pre2018_calmar,holdout_total_return,holdout_cagr,holdout_volatility,holdout_sharpe,holdout_sortino,holdout_max_drawdown,holdout_calmar,2009_2013_cagr,2009_2013_sharpe,2009_2013_max_drawdown,2014_2017_cagr,2014_2017_sharpe,2014_2017_max_drawdown,2018_2021_cagr,2018_2021_sharpe,2018_2021_max_drawdown,2022_2026_cagr,2022_2026_sharpe,2022_2026_max_drawdown,rolling3y_positive_alpha_share,rolling3y_median_ann_alpha,rolling3y_worst_ann_alpha,cash_exposure_mean_weight,annualized_turnover,full_cagr_alpha_vs_same_offset_ew,holdout_cagr_alpha_vs_same_offset_ew,full_mdd_improvement_vs_same_offset_ew,holdout_mdd_improvement_vs_same_offset_ew,positive_era_count,worst_era_cagr
offset0_core025_10bp,0,0.25,10.0,5.467008963296717,0.11391681404663068,0.19208667444752084,0.6738268670738532,0.8506885660864402,-0.299745336176403,0.38004532614175374,1.340290396286608,0.10313394308050161,0.1846433469364281,0.6370663764927743,0.8114019280522288,-0.26449098269696547,0.38993368329182315,1.7633361114321904,0.12508488451611055,0.19931595077208636,0.7091656603476533,0.8908664711910522,-0.29974533617640176,0.4173038557053559,0.1243980439282304,0.7110854529263768,-0.26449098269696547,0.07921854518798188,0.5411862441002173,-0.24576193840337224,0.025537795462453827,0.24133261928308386,-0.29974533617640176,0.21904615400012073,1.0127514463684513,-0.26553721302983535,0.4832330180567498,-0.0007597362465844488,-0.04345154953698131,0.11812832469612242,4.165609983603311,-0.00043587056151017656,0.0069322917486642766,0.055302195912050545,0.05530219591205032,4,0.025537795462453827
offset3_core025_10bp,3,0.25,10.0,4.761384170089221,0.10643298599216733,0.19537627857134807,0.6302180945036087,0.791142198396359,-0.4166581484126146,0.2554443886376782,1.1358407758672016,0.091433221508046,0.18568629772316547,0.5756181884096354,0.733674203775879,-0.27844870799450006,0.32836647785721457,1.6974783116733003,0.1219425051826879,0.2047009091600771,0.681735296366752,0.8469543175132688,-0.41665814841261317,0.29266799568726837,0.1256130785050229,0.7157922093129285,-0.27844870799450006,0.05302331662371773,0.3917096089765132,-0.24912856099426794,0.0013035690365512664,0.09276996670197869,-0.41665814841261317,0.23796367008102903,1.0667687159627708,-0.2663718590426257,0.4495990836197022,-0.004805369093725667,-0.09170135890331797,0.1142769979314292,4.564872510773036,-0.008429028670771999,0.0031850812882350255,-0.06206534469871883,-0.06206534469871683,4,0.0013035690365512664
offset5_core025_10bp,5,0.25,10.0,3.8992285050069,0.09605900637693932,0.19484615692987953,0.5818162228981917,0.7268272382132203,-0.3916880575819781,0.2452436435513092,1.0706817242119766,0.08742640478307417,0.18477140094653943,0.5573349604104327,0.7082034383462044,-0.2912981422527422,0.300126887548838,1.365997848786411,0.10501418701845688,0.20453356603156816,0.6056349611775453,0.7477330515502957,-0.3916880575819788,0.268106685883518,0.11326002313038619,0.6600061303644624,-0.2912981422527422,0.05818330947128403,0.4225510422831846,-0.25871473082470975,0.005568001541679246,0.1178221680743147,-0.3916880575819788,0.1989543559063769,0.9198070174621458,-0.2663512889086199,0.21780194619347454,-0.014259001548131197,-0.06565482364176749,0.11260795233970106,4.551493746234359,-0.01753427200329316,-0.01279842435421652,-0.03740076854809493,-0.03740076854809593,4,0.005568001541679246
offset10_core025_10bp,10,0.25,10.0,4.018835384902764,0.09747308886148343,0.19311328042999365,0.5921511862558484,0.7394255273061633,-0.3719753796232853,0.2620417753459877,1.1873650023911808,0.09409522901762424,0.1839986688174142,0.5928889735761733,0.7577821018193911,-0.2812992126686128,0.3345022836180989,1.2944663462276744,0.10108767390530793,0.20193703943146538,0.5927019208409914,0.7274825399714832,-0.3719753796232853,0.27175904493378983,0.1269844847267274,0.7165314393273337,-0.2812992126686128,0.05687998928518412,0.4238594890829325,-0.2516696574870667,-0.016247898624553003,-0.02046790890926531,-0.3719753796232853,0.21375522350644083,0.9826435592848304,-0.26631575877519087,0.39411260360102884,-0.01592638126881859,-0.06147547594927679,0.11672346651129364,4.5259946635665,-0.016240631044668552,-0.016890672110483562,-0.017141400543773222,-0.017141400543772667,3,-0.016247898624553003
offset0_core050_10bp,0,0.5,10.0,5.567229194183004,0.11490725185821304,0.18582697091693284,0.6949639091976955,0.8967443847216737,-0.3130126085118141,0.36710103278116374,1.40403671951871,0.10656156164074271,0.1835693678766936,0.6570446638571565,0.8575882469468765,-0.25885874933961805,0.41165910718720133,1.7317507843631472,0.12358616234698117,0.18807691248689126,0.7324321477763703,0.935099860660354,-0.313012608511812,0.39482806438551965,0.1238990762576806,0.7222329973810843,-0.25885874933961805,0.08709968094902276,0.575201795413538,-0.24020654548149012,0.022514419321449042,0.22268839133881876,-0.313012608511812,0.21911822616437648,1.083182470116977,-0.24884079685876148,0.5070220693608484,0.00019705656092714152,-0.028598757597826086,0.0787117004463893,2.9039115251835494,0.000554567250072191,0.0054335695795348915,0.042034923576639405,0.04203492357664007,4,0.022514419321449042
offset3_core050_10bp,3,0.5,10.0,5.09977015745498,0.11008618003304571,0.1881756899621445,0.6649010047043864,0.8532195183106522,-0.3953637622636834,0.27844276724487704,1.2637259922663713,0.09877534506717334,0.18409207984976236,0.616324345061966,0.8048844413035198,-0.26895990255029467,0.3672493339363203,1.6945708881259338,0.12180222135256713,0.1922127613022917,0.7122468565306924,0.8995405876929442,-0.3953637622636845,0.30807634127917916,0.12492546317096265,0.7260280775924765,-0.26895990255029467,0.06929725978958334,0.47748611992152973,-0.24832979656702736,0.006270691546220952,0.12233795641323046,-0.3953637622636845,0.232406626683755,1.1234147365699603,-0.24968032479620006,0.459049255441008,-0.0026435032120723364,-0.06132875394953523,0.07608550171703996,3.1681579594461877,-0.004775834629893616,0.0030447974581142567,-0.04077095854978763,-0.04077095854978818,4,0.006270691546220952
offset5_core050_10bp,5,0.5,10.0,4.4314545174979765,0.10260284606717018,0.18775388139526944,0.6290474380378822,0.8051615083293904,-0.37842549948286575,0.2711308994964168,1.2093629120782325,0.09557401337363092,0.18360641637436095,0.6013700818301202,0.7838732842202841,-0.27736816981813517,0.34457455387291525,1.4583804171804822,0.10993281604350491,0.19185796209008968,0.6561511693039461,0.8261158590400911,-0.37842549948286575,0.29050055081841125,0.11585571161508557,0.6834425371705595,-0.27736816981813517,0.07262118770306136,0.49725124519590985,-0.2571807085503133,0.009010684462729346,0.13870376825531236,-0.37842549948286575,0.2053700435944379,1.0120631947034529,-0.24979019046611795,0.22953634802518602,-0.009016105957530718,-0.04382362777202015,0.07497942835556529,3.1540641183328524,-0.010990432313062293,-0.007879795329168493,-0.024138210448982567,-0.0241382104489829,4,0.009010684462729346
offset10_core050_10bp,10,0.5,10.0,4.526027912658193,0.10358167181525868,0.18649066324539534,0.6369216639467374,0.8142851240631018,-0.3643137264905898,0.28431998105878176,1.2908878958233139,0.0999235596685033,0.18299449561399844,0.6248939321136742,0.8169915079373091,-0.2717210010813541,0.36774323394526975,1.412177358278028,0.10749369255646934,0.18997036552634786,0.6488940084126127,0.8129767309917211,-0.36431372649059035,0.2950580358087214,0.12487681717734,0.7203649038539114,-0.2717210010813541,0.07160754699266803,0.4999096578815927,-0.25695617928555403,-0.005379502024628446,0.0480209691225485,-0.36431372649059035,0.21539172980423338,1.059459022760594,-0.24951130390305976,0.40125750214346956,-0.010128872681344813,-0.04049901151180098,0.07761831167951123,3.138882896730748,-0.010132048090893297,-0.010484653459322146,-0.00947974741107771,-0.00947974741107771,3,-0.005379502024628446
offset0_core075_10bp,0,0.75,10.0,5.583889248015509,0.11507051480169483,0.18444379075872522,0.6995086705384378,0.9176167143211106,-0.3308810904726378,0.34776999385889834,1.4529522091358755,0.10913763561335776,0.1875351443088188,0.659784890110113,0.8746687937501595,-0.2580948064671561,0.42285870493580074,1.684067477341877,0.12129431202893803,0.18126907940633238,0.7412034945126237,0.9618726562842632,-0.3308810904726368,0.366579763913613,0.12233719025897849,0.7130015549734033,-0.2568599165758517,0.09440154867963857,0.5949909964748553,-0.2580948064671561,0.01871429516560741,0.19794256409905941,-0.3308810904726368,0.21838900471614942,1.149176048295274,-0.232733764861366,0.5333906563485239,0.0004868238588516071,-0.01414429824800253,0.03934136156422066,1.6310054949753878,0.000717830193553981,0.00314171926149176,0.024166441615815715,0.02416644161581527,4,0.01871429516560741
offset3_core075_10bp,3,0.75,10.0,5.374624788634802,0.11291556339775122,0.185726978976797,0.6852036762942274,0.8965640393955365,-0.37462401925232625,0.30141036771509694,1.38482270844414,0.10539693883514656,0.18781694888958386,0.6405683677785289,0.8501909090986517,-0.2628860542371084,0.40092251808870943,1.6729973536664144,0.12075709296345671,0.18358900697600097,0.7314583979758743,0.9435546265684616,-0.3746240192523278,0.322342099698954,0.1233822450016997,0.7165779632188731,-0.2628860542371084,0.08514678820130839,0.5474669284548555,-0.2622938394583044,0.010556146537207933,0.1487189219867337,-0.3746240192523278,0.22576735910185497,1.1733504352778636,-0.233333433403639,0.47079037800687284,-0.00106836436457631,-0.030731885636218995,0.037998319884675384,1.7591223727986092,-0.0019464512651881094,0.00199966906900384,-0.020031215538430458,-0.020031215538431457,4,0.010556146537207933
offset5_core075_10bp,5,0.75,10.0,4.954526828397733,0.10846993728793053,0.1854945175461123,0.6637510642435882,0.8676279953113668,-0.3659202643088866,0.2964305283633243,1.342920572317139,0.1030035433562515,0.18764420765592607,0.6293340364156955,0.8342410415327989,-0.26747981641742546,0.38508903114957105,1.5414975218339415,0.11422042188042436,0.18329316404535773,0.6994970979365258,0.9015431140643009,-0.36592026430888536,0.31214565855256143,0.11761448311670941,0.6892985685680276,-0.26747981641742546,0.08654616566279949,0.5556546708173014,-0.26645953852400084,0.01190118950512531,0.15668550760979702,-0.36592026430888536,0.21107837039464528,1.1076986736986625,-0.23348444259152246,0.24699484831139096,-0.004267770094525997,-0.021914289168508974,0.037447264464374665,1.7464622255059925,-0.005123341092301947,-0.0035921894922490427,-0.011632975275003399,-0.01163297527500251,4,0.01190118950512531
offset10_core075_10bp,10,0.75,10.0,5.017173349366834,0.10901280792803969,0.1848249415820141,0.6681864915323541,0.8726894441615352,-0.3591673978125349,0.30351532068881765,1.3873995885412582,0.1051508519070099,0.18727694324570232,0.6407771797347317,0.8503243358712294,-0.26676219596361206,0.39417448760750606,1.5203880314997478,0.11314336476249176,0.18230415638894826,0.6968678645726697,0.8956677391329751,-0.3591673978125337,0.31501568753616827,0.1220230320724911,0.7069657018251354,-0.26523042834776056,0.08604021381806315,0.5578884261367044,-0.26676219596361217,0.004899647171384913,0.11411339547673845,-0.3591673978125337,0.21615338630910497,1.1343748227902415,-0.23309913179226582,0.40611603315232925,-0.0047976846819450135,-0.019982225006190478,0.03871617478616016,1.7429155356211097,-0.004700911978112288,-0.0048349812532997305,-0.004333418733022842,-0.004333418733021066,4,0.004899647171384913
offset0_core025_20bp,0,0.25,20.0,5.028499106144873,0.10940575151773735,0.1920614135690687,0.6521752799157648,0.8232358077985674,-0.30300756880783986,0.3610660682443872,1.257397628924763,0.09855112600716631,0.18462101216346988,0.6140270837503559,0.781916953835799,-0.2693058263021665,0.3659450200553403,1.670552599550816,0.12063818704660201,0.1992878732627613,0.688781280272063,0.865167895553257,-0.3030075688078402,0.398135886576179,0.12093545998520883,0.6949576270190669,-0.2693058263021665,0.07335475007332337,0.5087349183304601,-0.24732881180787958,0.022130693755479713,0.2202416746097539,-0.3030075688078402,0.2135521351526466,0.9922178108517319,-0.26556229442629864,0.408999713384924,-0.004685444387437701,-0.04762347196098703,0.11812832469612242,4.165609983603311,-0.004519500608338056,0.0028521229106326373,0.05241892144273741,0.052418921442737854,4,0.022130693755479713
offset3_core025_20bp,3,0.25,20.0,4.334398549318772,0.10152325239746807,0.19534322463032422,0.6068933404993249,0.762338617196718,-0.421199518030259,0.24103363857642074,1.0492754543985896,0.08623930255465595,0.1856413874599808,0.549397377003566,0.700769470406011,-0.28423078621255604,0.3034129543242501,1.6030656532136551,0.11731721227031922,0.20467844595908427,0.66100986238608,0.8216380503624403,-0.42119951803025846,0.2785312120463806,0.12157511146125,0.697097740481088,-0.28423078621255604,0.046539924630710994,0.35530328334041356,-0.25141797558847145,-0.0026196957433567425,0.06888635320335386,-0.42119951803025846,0.23262688608962034,1.0475407185789634,-0.2663898525750267,0.39461626575028635,-0.00922832243046745,-0.0962497364313134,0.1142769979314292,4.564872510773036,-0.012915934920351813,-0.0010671753269249074,-0.06623347133308433,-0.06623347133308355,3,-0.0026196957433567425
offset5_core025_20bp,5,0.25,20.0,3.5369972056249974,0.09121029410776527,0.1948450701514025,0.5584310799990561,0.6980800293035735,-0.39672679902484775,0.22990706534562236,0.9896369306309047,0.0824385743671503,0.18481346990793876,0.5317684277359661,0.6760302535099926,-0.2968426498457497,0.27771809209353304,1.280314129566527,0.10029802981568947,0.20449296100046527,0.5841851810633101,0.7218306639486782,-0.39672679902484764,0.25281385089744757,0.10903757676797188,0.6399757034664738,-0.2968426498457497,0.05231725561245293,0.3894271556507745,-0.2606057548428703,0.0016185468568550299,0.09346946539197912,-0.39672679902484764,0.19347046950479196,0.899484866918065,-0.2683801093877939,0.16370921579851175,-0.018538635722468014,-0.0697337278853286,0.11260795233970106,4.551493746234359,-0.02196903402733641,-0.017150166441737946,-0.04206009605231309,-0.04206009605231309,4,0.0016185468568550299
offset10_core025_20bp,10,0.25,20.0,3.6493238020716916,0.09264465568576408,0.19311580969826614,0.5686794622574176,0.7102009864156407,-0.3751935895957935,0.24692494289567352,1.103742936127937,0.08920623937228966,0.18398652197591014,0.5679842920399915,0.7257754733048755,-0.2863092946073492,0.31157297737968664,1.2100246766028668,0.09631073420901548,0.20195312301148252,0.5705091118717874,0.7005486243172296,-0.37519358959579385,0.2566961080352509,0.12307125679777853,0.6984902506313498,-0.2863092946073492,0.0508903416769515,0.388943015385026,-0.25549886309327907,-0.020004720407640675,-0.04449253185495682,-0.37519358959579385,0.20793063145452262,0.9610093053111605,-0.26634251117701635,0.3546727636467562,-0.02046590562935892,-0.06501999277083395,0.11672346651129364,4.5259946635665,-0.02065186942766095,-0.021297961356555817,-0.02000025603524269,-0.020000256035244246,3,-0.020004720407640675
offset0_core050_20bp,0,0.5,20.0,5.2536027975937785,0.11175869910506164,0.18580871556114337,0.6793709513386486,0.8763531162098556,-0.3152336434368911,0.3545265596863091,1.3440437970062589,0.10333803664927377,0.18355267727042013,0.6408092188861328,0.8360312947674655,-0.26226832095142505,0.3940164647960403,1.667869433830833,0.12050757464865836,0.18805708286649855,0.7174703528453908,0.9158257258238292,-0.31523364343688975,0.38228018220010884,0.12138535971943032,0.7102188429045627,-0.26226832095142505,0.08305580295905579,0.5535279768890294,-0.24223897726608845,0.020151602528838408,0.20798830478314745,-0.31523364343688975,0.21531715630993098,1.0677375673727634,-0.248867610280761,0.4287761536256807,-0.0024268602592060107,-0.03142056612510915,0.0787117004463893,2.9039115251835494,-0.002166553021013762,0.002721510512688985,0.04019284681368618,0.04019284681368829,4,0.020151602528838408
offset3_core050_20bp,3,0.5,20.0,4.782438125198754,0.1066661082623559,0.18814818758302984,0.6481152502407688,0.8319800156610667,-0.39861354981408426,0.26759278080764093,1.1995541176109477,0.09513833334219535,0.18405440572023662,0.5979639410408286,0.7812283915253564,-0.2730265290242232,0.3484582017806576,1.6289137779794145,0.118598071832269,0.19219498174602437,0.6969741709170734,0.8805200236666998,-0.3986135498140848,0.29752644356315455,0.12203502807986077,0.7123106308865687,-0.2730265290242232,0.06481064567478034,0.4531316302161948,-0.25094855659695536,0.0035483056959249026,0.10568666668426954,-0.3986135498140848,0.22871593973482862,1.1088235845147962,-0.24970082236978797,0.4075028636884307,-0.005561270133159374,-0.06445013107261204,0.07608550171703996,3.1681579594461877,-0.007773079055463983,0.0002136842350248802,-0.04364750311690957,-0.0436475031169099,4,0.0035483056959249026
offset5_core050_20bp,5,0.5,20.0,4.149985052653158,0.09922145758736955,0.1877512261116199,0.6122390479177325,0.7838059950182875,-0.3819634213943017,0.2597669096825453,1.1488123062706066,0.09207395035219568,0.1836362556825447,0.5834520623400001,0.760644181290447,-0.28186287170030433,0.3266622162641376,1.3966658407644972,0.1066655527115643,0.1918237975176359,0.6404143287198283,0.8064784320808907,-0.3819634213943035,0.2792559358752123,0.11283326636665492,0.6687931630075253,-0.28186287170030433,0.06856397008314796,0.47507890908626466,-0.2595331270140725,0.006279786588676561,0.12182448008242173,-0.3819634213943035,0.20156499620866009,0.9967250694475739,-0.24981611490844613,0.17372638809387522,-0.011814834631507586,-0.04659198101222079,0.07497942835556529,3.1540641183328524,-0.01395787054773212,-0.010782643545863113,-0.027296718421767063,-0.02729671842176895,4,0.006279786588676561
offset10_core050_20bp,10,0.5,20.0,4.240663296775348,0.10021319142776086,0.18648637720649136,0.6200837473332024,0.7928720511531092,-0.36751068240400475,0.2726810300376424,1.2294954378395744,0.0964960308617615,0.1829763686514876,0.6074668268387373,0.7941864164125128,-0.27525884510515997,0.3505646869400187,1.3506050776464704,0.10417819481907364,0.18997958815263083,0.6326257420555325,0.7928306902687182,-0.3675106824040051,0.28346984130532127,0.12206914528580115,0.7070874443925246,-0.27525884510515997,0.06746649511883995,0.47680820344755953,-0.259421410468205,-0.008008271447196624,0.031338988082307714,-0.3675106824040051,0.21137514168284177,1.0431769575905472,-0.24953798401744043,0.3646756216061732,-0.01316100544371144,-0.04290832497793757,0.07761831167951123,3.138882896730748,-0.013083333685664167,-0.013430500746497653,-0.012317348843453924,-0.012317348843455478,3,-0.008008271447196624
offset0_core075_20bp,0,0.75,20.0,5.405446786208073,0.11330122378074936,0.18443468065937366,0.6906849352662574,0.9059287531353111,-0.33265034166768204,0.34060155541321335,1.4178927999407587,0.10729594720477809,0.18752682006115678,0.6507292023756883,0.8625361553889884,-0.25918183238666603,0.41397942987263975,1.6491855992809294,0.11959484078007554,0.1812591293466527,0.7326199970189419,0.9506376612164515,-0.3326503416676797,0.3595211722330101,0.12078721654143632,0.7056089328659173,-0.25881478714071526,0.0922170378014624,0.5838874636877783,-0.25918183238666637,0.01740318554192366,0.18999819926922593,-0.3326503416676797,0.21629685215828998,1.1400126819688567,-0.23276219402788623,0.4488392089423904,-0.0008128804720800671,-0.015508486832997223,0.03934136156422066,1.6310054949753878,-0.0006240283453260442,0.0018087766441061692,0.022776148582895228,0.022776148582898337,4,0.01740318554192366
offset3_core075_20bp,3,0.75,20.0,5.188351666590535,0.11101094416686186,0.1857096507179186,0.6757708931541495,0.8844704324054654,-0.3764606462365315,0.29488060777835806,1.346844519257457,0.10335293901812381,0.18779397940731704,0.6305299251464449,0.8371163026279727,-0.26516078807109134,0.38977459589694013,1.6368818282638191,0.11899067005971142,0.18357746813067463,0.7226475780091758,0.9324807311156947,-0.37646064623653264,0.3160773144530725,0.12165519034545325,0.7084068971401788,-0.26516078807109134,0.0827330631817611,0.5351143838483319,-0.2636577613510567,0.00906030262363533,0.13975081034199274,-0.37646064623653264,0.22372841166812085,1.1645644731676408,-0.23335640237799138,0.4206758304696449,-0.0024356313692121163,-0.03231766300594624,0.037998319884675384,1.7591223727986092,-0.0034282431509580213,0.0006062824624673002,-0.02149459953935684,-0.02149459953935773,4,0.00906030262363533
offset5_core075_20bp,5,0.75,20.0,4.78168308910538,0.10658687058322669,0.18549250029787648,0.6543347032001855,0.8554394576278357,-0.3678791406955262,0.2897333901066245,1.306770022994861,0.10103032661509292,0.18766084155584448,0.6195202382306282,0.8213638660292284,-0.2699897496599488,0.3742006011055615,1.506397703919816,0.1124251418533424,0.18327180601428744,0.6905001625165443,0.8900363467391345,-0.3678791406955253,0.30560346977213076,0.11581707730571744,0.6806473856041624,-0.2699897496599488,0.08436174963837462,0.5443900255875167,-0.267702298461978,0.01040304583109486,0.14765079450959054,-0.3678791406955253,0.20898480177605472,1.0985838354925375,-0.233510702605077,0.1886090440755581,-0.0056500756827447835,-0.023301793054614526,0.037447264464374665,1.7464622255059925,-0.006592457551874986,-0.0050230544040850145,-0.013212437722991521,-0.013212437722990744,4,0.01040304583109486
offset10_core075_20bp,10,0.75,20.0,4.842655817453757,0.10713247951714266,0.1848197904490092,0.6587628770849493,0.8604633665145572,-0.3609360586843975,0.29681844454011536,1.3512029725263375,0.103212662206428,0.18726330144753786,0.6312089299978788,0.8376398921137632,-0.26806171495731634,0.385033208576102,1.4849644568014013,0.11131791706859229,0.182307841373634,0.6875896997478159,0.8838778916763299,-0.3609360586843975,0.3084145083047208,0.12033393740036136,0.6989751832358437,-0.2672331713246274,0.08380733101566884,0.5462981764473388,-0.2680617149573168,0.003435160466403797,0.10516458979165562,-0.3609360586843975,0.2139617564887879,1.124748538661455,-0.2331236435540852,0.3761074592740783,-0.006283777816373885,-0.021193008514238765,0.03871617478616016,1.7429155356211097,-0.006164045596282364,-0.00629077849697901,-0.005742725123846659,-0.0057427251238478805,4,0.003435160466403797
